﻿tanggal;nama_pasien;no_rekam_medik;alamat;jenis_kelamin;jenis_kunjungan;status_pasien;poli_tujuan;jenis_pelayanan;tarif_rp
2025-01-02;ai nuryati;14;Luar Wilayah;P;Rawat Jalan;Umum;Klinik Umum;Pemeriksaan Umum dan Konsultasi Pada Rawat Jalan; Rp8.000 
2025-01-02;;;;;;;;Pemeriksaan Laboratorium Rawat Jalan; Rp35.000 
2025-01-02;nurhasanah;16;Cijambe;P;Rawat Jalan;Umum;Klinik Umum;Pemeriksaan Umum dan Konsultasi Pada Rawat Jalan; Rp8.000 
2025-01-02;m azril;17;Cikelet;L;Rawat Jalan;Umum;UGD;Pemeriksaan Umum dan Konsultasi Pada UGD; Rp10.000 
2025-01-02;serly;18;Cikelet;P;Rawat Jalan;Umum;UGD;Pemeriksaan Umum dan Konsultasi Pada UGD; Rp10.000 
2025-01-02;rinto;19;Awassagara;P;Rawat Jalan;Umum;UGD;Pemeriksaan Umum dan Konsultasi Pada UGD; Rp10.000 
2025-01-02;;;;;;;;Tindakan Medik; Rp10.000 
2025-01-02;rizki;21;Cikelet;L;Rawat Jalan;Umum;Klinik Umum;Pemeriksaan Umum dan Konsultasi Pada Rawat Jalan; Rp8.000 
2025-01-02;icin;22;Cikelet;P;Rawat Jalan;Umum;Klinik Umum;Pemeriksaan Umum dan Konsultasi Pada Rawat Jalan; Rp8.000 
2025-01-02;husna;23;Cijambe;P;Rawat Jalan;Umum;Klinik Umum;Pemeriksaan Umum dan Konsultasi Pada Rawat Jalan; Rp8.000 
2025-01-02;rika;24;Cijambe;P;Rawat Jalan;Umum;Klinik Umum;Pemeriksaan Umum dan Konsultasi Pada Rawat Jalan; Rp8.000 
2025-01-02;heni;25;Luar Wilayah;P;Rawat Jalan;Umum;Klinik Umum;Pemeriksaan Umum dan Konsultasi Pada Rawat Jalan; Rp8.000 
2025-01-02;patonah;26;Cikelet;P;Rawat Jalan;Umum;Klinik Umum;Pemeriksaan Umum dan Konsultasi Pada Rawat Jalan; Rp8.000 
2025-01-02;oom;27;Cikelet;P;Rawat Jalan;Umum;Klinik Umum;Pemeriksaan Umum dan Konsultasi Pada Rawat Jalan; Rp8.000 
2025-01-02;hoeriah;28;Karangsari;P;Rawat Jalan;Umum;Klinik Umum;Pemeriksaan Umum dan Konsultasi Pada Rawat Jalan; Rp8.000 
2025-01-02;juarsa;29;Cijambe;L;Rawat Jalan;Umum;Klinik Umum;Pemeriksaan Umum dan Konsultasi Pada Rawat Jalan; Rp8.000 
2025-01-02;;;;;;;;Pemeriksaan Laboratorium Rawat Jalan; Rp30.000 
2025-01-02;wida;31;Cikelet;P;Rawat Jalan;Umum;UGD;Pemeriksaan Umum dan Konsultasi Pada UGD; Rp10.000 
2025-01-02;aldi;32;Luar Wilayah;L;Rawat Inap;Umum;Rawat Inap;Pemeriksaan Umum dan Konsultasi Pada UGD; Rp10.000 
2025-01-02;;;;;;;;Tindakan Medik; Rp60.000 
2025-01-02;;;;;;;;Pendapatan Pelayanan Rawat Inap Umum; Rp120.000 
2025-01-02;;;;;;;;Penyediaan Obat dan BMHP Rawat Inap; Rp163.000 
2025-01-02;zayan;36;Cikelet;L;Rawat Jalan;Umum;Klinik Umum;Pemeriksaan Umum dan Konsultasi Pada Rawat Jalan; Rp8.000 
2025-01-02;siti agni;37;Cikelet;P;Rawat Jalan;Umum;Klinik Umum;Pemeriksaan Umum dan Konsultasi Pada Rawat Jalan; Rp8.000 
2025-01-02;akbar;38;Cikelet;L;Rawat Jalan;Umum;Klinik Umum;Pemeriksaan Umum dan Konsultasi Pada Rawat Jalan; Rp8.000 
2025-01-02;sasti;39;Cikelet;P;Rawat Jalan;Umum;Klinik Umum;Pemeriksaan Umum dan Konsultasi Pada Rawat Jalan; Rp8.000 
2025-01-02;ilyas;40;Karangsari;P;Rawat Jalan;Umum;Klinik Umum;Pemeriksaan Umum dan Konsultasi Pada Rawat Jalan; Rp8.000 
2025-01-02;wildan;41;Luar Wilayah;L;Rawat Jalan;Umum;UGD;Pemeriksaan Umum dan Konsultasi Pada UGD; Rp10.000 
2025-01-02;;;;;;;;Tindakan Medik; Rp10.000 
2025-01-02;riyani;43;Pamalayan;P;Rawat Jalan;Umum;Klinik Umum;Pemeriksaan Umum dan Konsultasi Pada Rawat Jalan; Rp8.000 
2025-01-02;m jabir;44;Luar Wilayah;L;Rawat Jalan;Umum;Klinik Umum;Pemeriksaan Umum dan Konsultasi Pada Rawat Jalan; Rp8.000 
2025-01-02;almira;45;Luar Wilayah;P;Rawat Jalan;Umum;Klinik Umum;Pemeriksaan Umum dan Konsultasi Pada Rawat Jalan; Rp8.000 
2025-01-02;karwati;46;Ciroyom;P;Rawat Jalan;Umum;Klinik Umum;Pemeriksaan Umum dan Konsultasi Pada Rawat Jalan; Rp8.000 
2025-01-02;marisa;47;Ciroyom;P;Rawat Jalan;Umum;Klinik Umum;Pemeriksaan Umum dan Konsultasi Pada Rawat Jalan; Rp8.000 
2025-01-02;srei fitriani;48;Ciroyom;P;Rawat Jalan;Umum;Klinik KIA;Pemeriksaan Umum dan Konsultasi Pada Rawat Jalan; Rp8.000 
2025-01-02;;;;;;;;Pemeriksaan Laboratorium Rawat Jalan; Rp47.500 
2025-01-02;;;;;;;;Pemeriksaan KIA/USG; Rp50.000 
2025-01-02;ayi sutisna;51;Luar Wilayah;L;Rawat Jalan;Umum;Klinik Umum;Pemeriksaan Umum dan Konsultasi Pada Rawat Jalan; Rp8.000 
2025-01-02;resta;52;Luar Wilayah;P;Rawat Jalan;Umum;UGD;Pemeriksaan Umum dan Konsultasi Pada UGD; Rp10.000 
2025-01-02;;;;;;;;Tindakan Medik; Rp20.000 
2025-01-02;lita;54;Luar Wilayah;P;Rawat Jalan;Umum;UGD;Pemeriksaan Umum dan Konsultasi Pada UGD; Rp10.000 
2025-01-02;;;;;;;;Tindakan Medik; Rp140.000 
2025-01-02;sifa;56;Luar Wilayah;P;Rawat Jalan;Umum;Klinik Umum;Pemeriksaan Umum dan Konsultasi Pada Rawat Jalan; Rp8.000 
2025-01-02;elia;57;Luar Wilayah;P;Rawat Jalan;BPJS;Klinik KIA;Pemeriksaan KIA/USG; Rp50.000 
2025-01-02;uman;58;Luar Wilayah;L;Rawat Jalan;Umum;Klinik Umum;Pemeriksaan Umum dan Konsultasi Pada Rawat Jalan; Rp8.000 
2025-01-02;sasti;59;Luar Wilayah;P;Rawat Jalan;Umum;Klinik Umum;Pemeriksaan Umum dan Konsultasi Pada Rawat Jalan; Rp8.000 
2025-01-02;;;;;;;;Pengujian Keuring; Rp10.000 
2025-01-02;nazma;61;Cijambe;P;Rawat Jalan;Umum;Klinik Umum;Pemeriksaan Umum dan Konsultasi Pada Rawat Jalan; Rp8.000 
2025-01-02;husen;62;Cijambe;P;Rawat Jalan;Umum;Klinik Umum;Pemeriksaan Umum dan Konsultasi Pada Rawat Jalan; Rp8.000 
2025-01-03;alsa;63;Luar Wilayah;P;Rawat Jalan;Umum;Klinik Umum;Pemeriksaan Umum dan Konsultasi Pada Rawat Jalan; Rp8.000 
2025-01-03;hibar;64;Luar Wilayah;L;Rawat Jalan;Umum;Klinik Umum;Pemeriksaan Umum dan Konsultasi Pada Rawat Jalan; Rp8.000 
2025-01-03;akmal;65;Luar Wilayah;L;Rawat Jalan;Umum;Klinik Umum;Pemeriksaan Umum dan Konsultasi Pada Rawat Jalan; Rp8.000 
2025-01-03;siti maulida;66;Ciroyom;P;Rawat Jalan;Umum;Klinik Gigi;Pemeriksaan Umum dan Konsultasi Pada Rawat Jalan; Rp8.000 
2025-01-03;keyla;67;Luar Wilayah;P;Rawat Jalan;Umum;Klinik Umum;Pemeriksaan Umum dan Konsultasi Pada Rawat Jalan; Rp8.000 
2025-01-03;aas;68;Luar Wilayah;P;Rawat Jalan;Umum;Klinik Umum;Pemeriksaan Umum dan Konsultasi Pada Rawat Jalan; Rp8.000 
2025-01-03;;;;;;;;Pemeriksaan Laboratorium Rawat Jalan; Rp35.000 
2025-01-03;ara;70;Cijambe;P;Rawat Jalan;Umum;Klinik Umum;Pemeriksaan Umum dan Konsultasi Pada Rawat Jalan; Rp8.000 
2025-01-03;arizik;71;Luar Wilayah;L;Rawat Jalan;Umum;Klinik Umum;Pemeriksaan Umum dan Konsultasi Pada Rawat Jalan; Rp8.000 
2025-01-03;rapi;72;Luar Wilayah;L;Rawat Jalan;Umum;Klinik Umum;Pemeriksaan Umum dan Konsultasi Pada Rawat Jalan; Rp8.000 
2025-01-03;putri;73;Cijambe;P;Rawat Jalan;Umum;Klinik Umum;Pemeriksaan Umum dan Konsultasi Pada Rawat Jalan; Rp8.000 
2025-01-03;m arkan;74;Cikelet;L;Rawat Jalan;Umum;Klinik Umum;Pemeriksaan Umum dan Konsultasi Pada Rawat Jalan; Rp8.000 
2025-01-03;supriatin;75;Ciroyom;P;Rawat Jalan;Umum;Klinik Umum;Pemeriksaan Umum dan Konsultasi Pada Rawat Jalan; Rp8.000 
2025-01-03;hilda;76;Cijambe;P;Rawat Jalan;Umum;Klinik Umum;Pemeriksaan Umum dan Konsultasi Pada Rawat Jalan; Rp8.000 
2025-01-03;sinta;77;Luar Wilayah;P;Rawat Jalan;Umum;Klinik Umum;Pemeriksaan Umum dan Konsultasi Pada Rawat Jalan; Rp8.000 
2025-01-03;;;;;;;;Penyediaan Obat dan BMHP Rawat Jalan; Rp30.000 
2025-01-03;aresa;79;Luar Wilayah;P;Rawat Jalan;Umum;Klinik Umum;Pemeriksaan Umum dan Konsultasi Pada Rawat Jalan; Rp8.000 
2025-01-03;rizal;80;Cijambe;L;Rawat Jalan;Umum;UGD;Pemeriksaan Umum dan Konsultasi Pada UGD; Rp10.000 
2025-01-03;;;;;;;;Tindakan Medik; Rp30.000 
2025-01-03;rika;82;Cijambe;P;Rawat Jalan;Umum;Klinik Umum;Pemeriksaan Umum dan Konsultasi Pada Rawat Jalan; Rp8.000 
2025-01-04;esin;83;Luar Wilayah;P;Rawat Jalan;Umum;Poli Lansia;Pemeriksaan Umum dan Konsultasi Pada Rawat Jalan; Rp8.000 
2025-01-04;uun;84;Luar Wilayah;L;Rawat Jalan;Umum;Klinik Umum;Pemeriksaan Umum dan Konsultasi Pada Rawat Jalan; Rp8.000 
2025-01-04;rani;85;Luar Wilayah;P;Rawat Jalan;Umum;Klinik Umum;Pemeriksaan Umum dan Konsultasi Pada Rawat Jalan; Rp8.000 
2025-01-04;riana;86;Cijambe;P;Rawat Jalan;Umum;Klinik Umum;Pemeriksaan Umum dan Konsultasi Pada Rawat Jalan; Rp8.000 
2025-01-04;yandi;87;Cijambe;L;Rawat Jalan;Umum;Klinik Umum;Pemeriksaan Umum dan Konsultasi Pada Rawat Jalan; Rp8.000 
2025-01-04;siti aminah;88;Cikelet;P;Rawat Jalan;Umum;Klinik Umum;Pemeriksaan Umum dan Konsultasi Pada Rawat Jalan; Rp8.000 
2025-01-04;;;;;;;;Pemeriksaan Laboratorium Rawat Jalan; Rp47.000 
2025-01-04;;;;;;;;Pemeriksaan KIA/USG; Rp50.000 
2025-01-04;hasbi;91;Luar Wilayah;P;Rawat Jalan;Umum;UGD;Pemeriksaan Umum dan Konsultasi Pada UGD; Rp10.000 
2025-01-04;;;;;;;;Tindakan Medik; Rp10.000 
2025-01-04;nining;93;Luar Wilayah;P;Rawat Jalan;Umum;UGD;Pemeriksaan Umum dan Konsultasi Pada UGD; Rp10.000 
2025-01-04;;;;;;;;Tindakan Medik; Rp60.000 
2025-01-04;;;;;;;;Penyediaan Obat dan BMHP Rawat Jalan; Rp20.000 
2025-01-04;mulyani;96;Luar Wilayah;P;Rawat Jalan;Umum;UGD;Pemeriksaan Umum dan Konsultasi Pada Rawat Jalan; Rp10.000 
2025-01-04;;;;;;;;Tindakan Medik; Rp40.000 
2025-01-04;;;;;;;;Penyediaan Obat dan BMHP Rawat Jalan; Rp20.000 
2025-01-04;ikbal;99;Pamalayan;L;Rawat Jalan;Umum;Klinik Umum;Pemeriksaan Umum dan Konsultasi Pada Rawat Jalan; Rp8.000 
2025-01-04;;;;;;;;Pengujian Keuring; Rp10.000 
2025-01-04;dapa;101;Cikelet;L;Rawat Jalan;Umum;Klinik Umum;Pemeriksaan Umum dan Konsultasi Pada Rawat Jalan; Rp8.000 
2025-01-04;raya;102;Luar Wilayah;L;Rawat Jalan;Umum;Klinik Umum;Pemeriksaan Umum dan Konsultasi Pada Rawat Jalan; Rp8.000 
2025-01-04;nenah;103;Cijambe;P;Rawat Jalan;Umum;Klinik Umum;Pemeriksaan Umum dan Konsultasi Pada Rawat Jalan; Rp8.000 
2025-01-04;ramdan;104;Cikelet;L;Rawat Jalan;Umum;Klinik Umum;Pemeriksaan Umum dan Konsultasi Pada Rawat Jalan; Rp8.000 
2025-01-06;wiwin;105;Luar Wilayah;P;Rawat Jalan;Umum;UGD;Pemeriksaan Umum dan Konsultasi Pada UGD; Rp10.000 
2025-01-06;;;;;;;;Tindakan Medik; Rp20.000 
2025-01-06;nafisa;107;Cikelet;P;Rawat Jalan;Umum;UGD;Pemeriksaan Umum dan Konsultasi Pada UGD; Rp10.000 
2025-01-06;salsabila;108;Cikelet;P;Rawat Jalan;Umum;UGD;Pemeriksaan Umum dan Konsultasi Pada UGD; Rp10.000 
2025-01-06;ilham;109;Cikelet;L;Rawat Jalan;Umum;UGD;Pemeriksaan Umum dan Konsultasi Pada UGD; Rp10.000 
2025-01-06;dedef;110;Cikelet;L;Rawat Jalan;Umum;UGD;Pemeriksaan Umum dan Konsultasi Pada UGD; Rp10.000 
2025-01-06;tita;111;Cikelet;P;Rawat Jalan;Umum;UGD;Pemeriksaan Umum dan Konsultasi Pada UGD; Rp10.000 
2025-01-06;odah ;112;Luar Wilayah;P;Rawat Jalan;Umum;Klinik Umum;Pemeriksaan Umum dan Konsultasi Pada Rawat Jalan; Rp8.000 
2025-01-06;masriah;113;Luar Wilayah;P;Rawat Jalan;Umum;Klinik Umum;Pemeriksaan Umum dan Konsultasi Pada Rawat Jalan; Rp8.000 
2025-01-06;rika;114;Cikelet;P;Rawat Jalan;Umum;Klinik Gigi;Pemeriksaan Umum dan Konsultasi Pada Rawat Jalan; Rp8.000 
2025-01-06;;;;;;;;Pemeriksaan Gigi & Mulut; Rp100.000 
2025-01-06;undang;116;Pamalayan;L;Rawat Jalan;Umum;Poli Lansia;Pemeriksaan Umum dan Konsultasi Pada Rawat Jalan; Rp8.000 
2025-01-06;m azka;117;Luar Wilayah;L;Rawat Jalan;Umum;Klinik Umum;Pemeriksaan Umum dan Konsultasi Pada Rawat Jalan; Rp8.000 
2025-01-06;keysa;118;Luar Wilayah;P;Rawat Jalan;Umum;Klinik Umum;Pemeriksaan Umum dan Konsultasi Pada Rawat Jalan; Rp8.000 
2025-01-06;rian;119;Karangsari;L;Rawat Jalan;BPJS;Klinik Umum;Pengujian Keuring; Rp10.000 
2025-01-06;siti maryam;120;Luar Wilayah;P;Rawat Jalan;Umum;Klinik Umum;Pemeriksaan Umum dan Konsultasi Pada Rawat Jalan; Rp8.000 
2025-01-06;rina;121;Luar Wilayah;P;Rawat Inap;BPJS;Rawat Inap;Pemeriksaan Umum dan Konsultasi Pada UGD; Rp10.000 
2025-01-06;ucu;122;Cikelet;P;Rawat Jalan;Umum;Klinik Umum;Pemeriksaan Umum dan Konsultasi Pada Rawat Jalan; Rp8.000 
2025-01-06;rasya;123;Awassagara;L;Rawat Jalan;Umum;Klinik Umum;Pemeriksaan Umum dan Konsultasi Pada Rawat Jalan; Rp8.000 
2025-01-06;elsa;124;Cikelet;P;Rawat Jalan;Umum;Klinik KIA;Pemeriksaan Umum dan Konsultasi Pada Rawat Jalan; Rp8.000 
2025-01-06;;;;;;;;Pemeriksaan KIA/USG; Rp50.000 
2025-01-06;aklan;126;Pamalayan;L;Rawat Jalan;Umum;Klinik Umum;Pemeriksaan Umum dan Konsultasi Pada Rawat Jalan; Rp8.000 
2025-01-06;wildan;127;Cikelet;L;Rawat Jalan;Umum;Klinik Umum;Pemeriksaan Umum dan Konsultasi Pada Rawat Jalan; Rp8.000 
2025-01-06;sinta;128;Cikelet;P;Rawat Jalan;Umum;Klinik Umum;Pemeriksaan Umum dan Konsultasi Pada Rawat Jalan; Rp8.000 
2025-01-06;salwa;129;Cikelet;P;Rawat Jalan;Umum;Klinik Umum;Pemeriksaan Umum dan Konsultasi Pada Rawat Jalan; Rp8.000 
2025-01-06;nia;130;Cikelet;P;Rawat Jalan;Umum;Klinik Umum;Pemeriksaan Umum dan Konsultasi Pada Rawat Jalan; Rp8.000 
2025-01-06;didah;131;Pamalayan;P;Rawat Jalan;Umum;Klinik Umum;Pemeriksaan Umum dan Konsultasi Pada Rawat Jalan; Rp8.000 
2025-01-06;;;;;;;;Pemeriksaan KIA/USG; Rp50.000 
2025-01-06;caira;133;Luar Wilayah;P;Rawat Jalan;Umum;Klinik Umum;Pemeriksaan Umum dan Konsultasi Pada Rawat Jalan; Rp8.000 
2025-01-06;naufal;134;Luar Wilayah;L;Rawat Jalan;Umum;Klinik Umum;Pemeriksaan Umum dan Konsultasi Pada Rawat Jalan; Rp8.000 
2025-01-06;farel;135;Karangsari;L;Rawat Jalan;Umum;Klinik Umum;Pemeriksaan Umum dan Konsultasi Pada Rawat Jalan; Rp8.000 
2025-01-06;;;;;;;;Pengujian Keuring; Rp10.000 
2025-01-06;ai siti;137;Cikelet;P;Rawat Jalan;Umum;Klinik KIA;Pemeriksaan Umum dan Konsultasi Pada Rawat Jalan; Rp8.000 
2025-01-06;riski;138;Karangsari;L;Rawat Jalan;Umum;Klinik Umum;Pemeriksaan Umum dan Konsultasi Pada Rawat Jalan; Rp8.000 
2025-01-06;;;;;;;;Pengujian Keuring; Rp10.000 
2025-01-06;putri;140;Cikelet;P;Rawat Jalan;Umum;Klinik Umum;Pemeriksaan Umum dan Konsultasi Pada Rawat Jalan; Rp8.000 
2025-01-06;;;;;;;;Pengujian Keuring; Rp10.000 
2025-01-06;pasya;142;Cikelet;P;Rawat Jalan;Umum;Klinik Umum;Pemeriksaan Umum dan Konsultasi Pada Rawat Jalan; Rp8.000 
2025-01-06;;;;;;;;Pengujian Keuring; Rp10.000 
2025-01-06;salsa;144;Cikelet;P;Rawat Jalan;Umum;Klinik Umum;Pemeriksaan Umum dan Konsultasi Pada Rawat Jalan; Rp8.000 
2025-01-06;;;;;;;;Pengujian Keuring; Rp10.000 
2025-01-07;ai;146;Cijambe;P;Rawat Jalan;Umum;UGD;Pemeriksaan Umum dan Konsultasi Pada UGD; Rp10.000 
2025-01-07;reni;147;Cijambe;P;Rawat Jalan;Umum;UGD;Pemeriksaan Umum dan Konsultasi Pada UGD; Rp10.000 
2025-01-07;syakir;148;Cijambe;L;Rawat Jalan;Umum;UGD;Pemeriksaan Umum dan Konsultasi Pada UGD; Rp10.000 
2025-01-07;m sahreja;149;Cijambe;L;Rawat Jalan;Umum;UGD;Pemeriksaan Umum dan Konsultasi Pada UGD; Rp10.000 
2025-01-07;oyoh;150;Cikelet;P;Rawat Jalan;Umum;UGD;Pemeriksaan Umum dan Konsultasi Pada UGD; Rp10.000 
2025-01-07;ai nurhayati;151;Cijambe;P;Rawat Jalan;Umum;Klinik Umum;Pemeriksaan Umum dan Konsultasi Pada Rawat Jalan; Rp8.000 
2025-01-07;imas;152;Luar Wilayah;P;Rawat Jalan;Umum;Klinik Umum;Pemeriksaan Umum dan Konsultasi Pada Rawat Jalan; Rp8.000 
2025-01-07;ali;153;Tipar;L;Rawat Jalan;Umum;Klinik Umum;Pemeriksaan Umum dan Konsultasi Pada Rawat Jalan; Rp8.000 
2025-01-07;azahra;154;Cikelet;P;Rawat Jalan;Umum;Klinik Umum;Pemeriksaan Umum dan Konsultasi Pada Rawat Jalan; Rp8.000 
2025-01-07;adang;155;Cijambe;L;Rawat Jalan;Umum;Klinik Gigi;Pemeriksaan Umum dan Konsultasi Pada Rawat Jalan; Rp8.000 
2025-01-07;;;;;;;;Pemeriksaan Gigi & Mulut; Rp100.000 
2025-01-07;delpin;157;Luar Wilayah;L;Rawat Jalan;Umum;Klinik Umum;Pemeriksaan Umum dan Konsultasi Pada Rawat Jalan; Rp8.000 
2025-01-07;yadi;158;Cijambe;L;Rawat Jalan;Umum;Klinik Umum;Pemeriksaan Umum dan Konsultasi Pada Rawat Jalan; Rp8.000 
2025-01-07;lia desi;159;Luar Wilayah;P;Rawat Jalan;BPJS;Klinik Umum;Pengujian Keuring; Rp10.000 
2025-01-07;mia;160;Luar Wilayah;P;Rawat Jalan;Umum;Klinik Umum;Pemeriksaan Umum dan Konsultasi Pada Rawat Jalan; Rp8.000 
2025-01-07;;;;;;;;Pengujian Keuring; Rp10.000 
2025-01-07;asti;162;Luar Wilayah;P;Rawat Jalan;Umum;Klinik KIA;Pemeriksaan Umum dan Konsultasi Pada Rawat Jalan; Rp8.000 
2025-01-07;;;;;;;;Pemeriksaan Laboratorium Rawat Jalan; Rp35.000 
2025-01-07;;;;;;;;Pemeriksaan KIA/USG; Rp50.000 
2025-01-07;risma;165;Ciroyom;P;Rawat Jalan;Umum;Klinik Umum;Pemeriksaan Umum dan Konsultasi Pada Rawat Jalan; Rp8.000 
2025-01-07;rita;166;Luar Wilayah;P;Rawat Jalan;Umum;Klinik Umum;Pemeriksaan Umum dan Konsultasi Pada Rawat Jalan; Rp8.000 
2025-01-07;sabril;167;Cikelet;L;Rawat Jalan;Umum;Klinik Umum;Pemeriksaan Umum dan Konsultasi Pada Rawat Jalan; Rp8.000 
2025-01-07;emilia;168;Cikelet;P;Rawat Jalan;Umum;Klinik Umum;Pemeriksaan Umum dan Konsultasi Pada Rawat Jalan; Rp8.000 
2025-01-07;tineu;169;Luar Wilayah;P;Rawat Jalan;Umum;Klinik KIA;Pemeriksaan Umum dan Konsultasi Pada Rawat Jalan; Rp8.000 
2025-01-07;;;;;;;;Pemeriksaan Laboratorium Rawat Jalan; Rp72.500 
2025-01-07;;;;;;;;Pemeriksaan KIA/USG; Rp50.000 
2025-01-08;restu;172;Cikelet;P;Rawat Jalan;Umum;Klinik Umum;Pemeriksaan Umum dan Konsultasi Pada Rawat Jalan; Rp8.000 
2025-01-08;rizki;173;Cijambe;L;Rawat Jalan;Umum;Klinik Umum;Pemeriksaan Umum dan Konsultasi Pada Rawat Jalan; Rp8.000 
2025-01-08;razfa;174;Pamalayan;L;Rawat Jalan;Umum;Klinik Umum;Pemeriksaan Umum dan Konsultasi Pada Rawat Jalan; Rp8.000 
2025-01-08;nurmaningsih;175;Luar Wilayah;P;Rawat Jalan;Umum;Klinik Umum;Pemeriksaan Umum dan Konsultasi Pada Rawat Jalan; Rp8.000 
2025-01-08;m lutfi;176;Luar Wilayah;L;Rawat Jalan;Umum;Klinik Gigi;Pemeriksaan Umum dan Konsultasi Pada Rawat Jalan; Rp8.000 
2025-01-08;;;;;;;;Pemeriksaan Gigi & Mulut; Rp10.000 
2025-01-08;naura;178;Luar Wilayah;P;Rawat Jalan;Umum;Klinik Umum;Pemeriksaan Umum dan Konsultasi Pada Rawat Jalan; Rp8.000 
2025-01-08;ayi;179;Cikelet;L;Rawat Jalan;Umum;UGD;Pemeriksaan Umum dan Konsultasi Pada UGD; Rp10.000 
2025-01-08;by ny meri;180;Luar Wilayah;P;Rawat Jalan;Umum;Klinik Umum;Pemeriksaan Umum dan Konsultasi Pada Rawat Jalan; Rp8.000 
2025-01-08;ratna;181;Ciroyom;P;Rawat Jalan;Umum;Klinik Umum;Pemeriksaan Umum dan Konsultasi Pada Rawat Jalan; Rp8.000 
2025-01-08;iwan;182;Luar Wilayah;L;Rawat Jalan;Umum;Klinik Umum;Pemeriksaan Umum dan Konsultasi Pada Rawat Jalan; Rp8.000 
2025-01-08;dede;183;Luar Wilayah;P;Rawat Jalan;Umum;Klinik Umum;Pemeriksaan Umum dan Konsultasi Pada Rawat Jalan; Rp8.000 
2025-01-08;meri;184;Luar Wilayah;P;Rawat Jalan;BPJS;Klinik KIA;Pemeriksaan KIA/USG; Rp50.000 
2025-01-08;nurjanah;185;Luar Wilayah;P;Rawat Jalan;Umum;Klinik KIA;Pemeriksaan Umum dan Konsultasi Pada Rawat Jalan; Rp8.000 
2025-01-08;;;;;;;;Pemeriksaan Laboratorium Rawat Jalan; Rp35.000 
2025-01-08;ulfah;187;Ciroyom;P;Rawat Jalan;Umum;Klinik Umum;Pemeriksaan Umum dan Konsultasi Pada Rawat Jalan; Rp8.000 
2025-01-08;alis;188;Karangsari;P;Rawat Jalan;Umum;Klinik Umum;Pemeriksaan Umum dan Konsultasi Pada Rawat Jalan; Rp8.000 
2025-01-08;agung;189;Karangsari;L;Rawat Jalan;Umum;Klinik Umum;Pemeriksaan Umum dan Konsultasi Pada Rawat Jalan; Rp8.000 
2025-01-08;siti;190;Karangsari;P;Rawat Jalan;BPJS;Klinik KIA;Pemeriksaan KIA/USG; Rp50.000 
2025-01-08;hanifah;191;Luar Wilayah;P;Rawat Jalan;Umum;Klinik Umum;Pemeriksaan Umum dan Konsultasi Pada Rawat Jalan; Rp8.000 
2025-01-08;ali;192;Cikelet;L;Rawat Jalan;Umum;Klinik Umum;Pemeriksaan Umum dan Konsultasi Pada Rawat Jalan; Rp8.000 
2025-01-08;namira;193;Cikelet;P;Rawat Jalan;Umum;Klinik Umum;Pemeriksaan Umum dan Konsultasi Pada Rawat Jalan; Rp8.000 
2025-01-08;muslim;194;Linggamanik;L;Rawat Jalan;Umum;Klinik Umum;Pemeriksaan Umum dan Konsultasi Pada Rawat Jalan; Rp8.000 
2025-01-08;;;;;;;;Pengujian Keuring; Rp10.000 
2025-01-08;habib;196;Luar Wilayah;L;Rawat Jalan;Umum;Klinik Umum;Pemeriksaan Umum dan Konsultasi Pada Rawat Jalan; Rp8.000 
2025-01-09;fitra;197;Luar Wilayah;L;Rawat Jalan;Umum;Klinik Umum;Pemeriksaan Umum dan Konsultasi Pada Rawat Jalan; Rp8.000 
2025-01-09;rapaypa;198;Cijambe;L;Rawat Inap;Umum;Klinik Umum;Pemeriksaan Umum dan Konsultasi Pada UGD; Rp10.000 
2025-01-09;;;;;;;;Tindakan Medik; Rp85.000 
2025-01-09;;;;;;;;Pendapatan Pelayanan Rawat Inap Umum; Rp240.000 
2025-01-09;;;;;;;;Penyediaan Obat dan BMHP Rawat Inap; Rp214.000 
2025-01-09;hendra;202;Cijambe;P;Rawat Jalan;Umum;Klinik Umum;Pemeriksaan Umum dan Konsultasi Pada Rawat Jalan; Rp8.000 
2025-01-09;;;;;;;;Pemeriksaan Laboratorium Rawat Jalan; Rp35.000 
2025-01-09;sakila;204;Cikelet;P;Rawat Jalan;Umum;Klinik Umum;Pemeriksaan Umum dan Konsultasi Pada Rawat Jalan; Rp8.000 
2025-01-09;anisah;205;Pamalayan;P;Rawat Jalan;Umum;Klinik KIA;Pemeriksaan Umum dan Konsultasi Pada Rawat Jalan; Rp8.000 
2025-01-09;;;;;;;;Pemeriksaan Laboratorium Rawat Jalan; Rp47.500 
2025-01-09;;;;;;;;Pemeriksaan KIA/USG; Rp50.000 
2025-01-09;diki;208;Luar Wilayah;L;Rawat Jalan;Umum;Klinik Umum;Pemeriksaan Umum dan Konsultasi Pada Rawat Jalan; Rp8.000 
2025-01-09;almira;209;Luar Wilayah;P;Rawat Jalan;Umum;Klinik Umum;Pemeriksaan Umum dan Konsultasi Pada Rawat Jalan; Rp8.000 
2025-01-09;apipah;210;Cikelet;P;Rawat Jalan;Umum;Klinik Umum;Pemeriksaan Umum dan Konsultasi Pada Rawat Jalan; Rp8.000 
2025-01-09;ijam;211;Pamalayan;L;Rawat Jalan;Umum;UGD;Pemeriksaan Umum dan Konsultasi Pada UGD; Rp10.000 
2025-01-09;;;;;;;;Tindakan Medik; Rp10.000 
2025-01-09;arsa;213;Luar Wilayah;L;Rawat Jalan;Umum;Klinik Umum;Pemeriksaan Umum dan Konsultasi Pada Rawat Jalan; Rp8.000 
2025-01-09;damara;214;Cijambe;L;Rawat Jalan;Umum;Klinik Umum;Pemeriksaan Umum dan Konsultasi Pada Rawat Jalan; Rp8.000 
2025-01-09;yogi;215;Pamalayan;L;Rawat Jalan;Umum;Klinik Umum;Pemeriksaan Umum dan Konsultasi Pada Rawat Jalan; Rp8.000 
2025-01-09;;;;;;;;Pengujian Keuring; Rp10.000 
2025-01-09;azhra;217;Cijambe;P;Rawat Jalan;Umum;Klinik Umum;Pemeriksaan Umum dan Konsultasi Pada Rawat Jalan; Rp8.000 
2025-01-09;ihah;218;Cijambe;P;Rawat Jalan;Umum;Klinik Umum;Pemeriksaan Umum dan Konsultasi Pada Rawat Jalan; Rp8.000 
2025-01-09;rizlan;219;Cijambe;L;Rawat Jalan;Umum;Klinik Umum;Pemeriksaan Umum dan Konsultasi Pada Rawat Jalan; Rp8.000 
2025-01-09;yunia;220;Ciroyom;P;Rawat Jalan;Umum;Klinik Umum;Pemeriksaan Umum dan Konsultasi Pada Rawat Jalan; Rp8.000 
2025-01-10;arta;221;Cijambe;P;Rawat Jalan;Umum;Klinik Umum;Pemeriksaan Umum dan Konsultasi Pada Rawat Jalan; Rp8.000 
2025-01-10;dila;222;Luar Wilayah;L;Rawat Jalan;Umum;Klinik Umum;Pemeriksaan Umum dan Konsultasi Pada Rawat Jalan; Rp8.000 
2025-01-10;anggita;223;Luar Wilayah;P;Rawat Inap;Umum;PONED;Pemeriksaan Umum dan Konsultasi Pada UGD; Rp10.000 
2025-01-10;;;;;;;;Pelayanan Persalinan; Rp1.000.000 
2025-01-10;;;;;;;;Pemeriksaan Laboratorium PONED; Rp10.000 
2025-01-10;warsih;226;Cijambe;P;Rawat Jalan;Umum;Klinik Umum;Pemeriksaan Umum dan Konsultasi Pada Rawat Jalan; Rp8.000 
2025-01-10;gea;227;Pamalayan;P;Rawat Jalan;Umum;Klinik Umum;Pemeriksaan Umum dan Konsultasi Pada Rawat Jalan; Rp8.000 
2025-01-10;aulia;228;Pamalayan;P;Rawat Jalan;Umum;Klinik Umum;Pemeriksaan Umum dan Konsultasi Pada Rawat Jalan; Rp8.000 
2025-01-10;nia;229;Cikelet;P;Rawat Jalan;Umum;Klinik Umum;Pemeriksaan Umum dan Konsultasi Pada Rawat Jalan; Rp8.000 
2025-01-10;mahpud;230;Cikelet;L;Rawat Jalan;Umum;Klinik Umum;Pemeriksaan Umum dan Konsultasi Pada Rawat Jalan; Rp8.000 
2025-01-10;suhartini;231;Cikelet;P;Rawat Jalan;Umum;Klinik Umum;Pemeriksaan Umum dan Konsultasi Pada Rawat Jalan; Rp8.000 
2025-01-10;ipah;232;Luar Wilayah;P;Rawat Jalan;Umum;Klinik Umum;Pemeriksaan Umum dan Konsultasi Pada Rawat Jalan; Rp8.000 
2025-01-10;;;;;;;;Pemeriksaan Laboratorium Rawat Jalan; Rp30.000 
2025-01-10;kiana;234;Luar Wilayah;P;Rawat Jalan;Umum;UGD;Pemeriksaan Umum dan Konsultasi Pada UGD; Rp10.000 
2025-01-10;jajang;235;Luar Wilayah;L;Rawat Jalan;Umum;UGD;Pemeriksaan Umum dan Konsultasi Pada UGD; Rp10.000 
2025-01-10;uta;236;Luar Wilayah;L;Rawat Jalan;Umum;UGD;Pemeriksaan Umum dan Konsultasi Pada UGD; Rp10.000 
2025-01-10;odim;237;Luar Wilayah;L;Rawat Jalan;Umum;Klinik Umum;Pemeriksaan Umum dan Konsultasi Pada Rawat Jalan; Rp8.000 
2025-01-10;;;;;;;;Pemeriksaan Laboratorium Rawat Jalan; Rp30.000 
2025-01-10;haikal;239;Cijambe;L;Rawat Jalan;Umum;Klinik Umum;Pemeriksaan Umum dan Konsultasi Pada Rawat Jalan; Rp8.000 
2025-01-10;sri mulyani;240;Cijambe;P;Rawat Jalan;Umum;Klinik Umum;Pemeriksaan Umum dan Konsultasi Pada Rawat Jalan; Rp8.000 
2025-01-10;enis;241;Luar Wilayah;L;Rawat Jalan;Umum;Klinik Umum;Pemeriksaan Umum dan Konsultasi Pada Rawat Jalan; Rp8.000 
2025-01-10;zea;242;Luar Wilayah;P;Rawat Jalan;Umum;Klinik Umum;Pemeriksaan Umum dan Konsultasi Pada Rawat Jalan; Rp8.000 
2025-01-10;neng alika;243;Cikelet;P;Rawat Jalan;BPJS;Klinik KIA;Pemeriksaan KIA/USG; Rp50.000 
2025-01-10;riska;244;Ciroyom;P;Rawat Jalan;BPJS;Klinik KIA;Pemeriksaan KIA/USG; Rp50.000 
2025-01-10;sabda;245;Pamalayan;L;Rawat Jalan;Umum;UGD;Pemeriksaan Umum dan Konsultasi Pada UGD; Rp10.000 
2025-01-10;padlan;246;Cijambe;P;Rawat Jalan;Umum;Klinik KIA;Pemeriksaan Umum dan Konsultasi Pada Rawat Jalan; Rp8.000 
2025-01-10;;;;;;;;Pemeriksaan KIA/USG; Rp50.000 
2025-01-11;randi;248;Cijambe;L;Rawat Jalan;Umum;Klinik Umum;Pemeriksaan Umum dan Konsultasi Pada Rawat Jalan; Rp8.000 
2025-01-11;kabib;249;Luar Wilayah;L;Rawat Jalan;Umum;Klinik Umum;Pemeriksaan Umum dan Konsultasi Pada Rawat Jalan; Rp8.000 
2025-01-11;almira;250;Luar Wilayah;P;Rawat Jalan;Umum;Klinik Umum;Pemeriksaan Umum dan Konsultasi Pada Rawat Jalan; Rp8.000 
2025-01-11;robiah;251;Ciroyom;P;Rawat Jalan;Umum;Klinik Umum;Pemeriksaan Umum dan Konsultasi Pada Rawat Jalan; Rp8.000 
2025-01-11;pina;252;Luar Wilayah;P;Rawat Jalan;BPJS;Klinik Umum;Pengujian Keuring; Rp10.000 
2025-01-11;ai sumiati;253;Cikelet;P;Rawat Jalan;Umum;Klinik Umum;Pemeriksaan Umum dan Konsultasi Pada Rawat Jalan; Rp8.000 
2025-01-11;asiah;254;Ciroyom;P;Rawat Jalan;Umum;Klinik Umum;Pemeriksaan Umum dan Konsultasi Pada Rawat Jalan; Rp8.000 
2025-01-11;sumiati;255;Cikelet;P;Rawat Jalan;Umum;UGD;Pemeriksaan Umum dan Konsultasi Pada UGD; Rp10.000 
2025-01-11;;;;;;;;Penyediaan Obat dan BMHP Rawat Jalan; Rp20.000 
2025-01-11;haidar;257;Cijambe;P;Rawat Jalan;Umum;Klinik Umum;Pemeriksaan Umum dan Konsultasi Pada Rawat Jalan; Rp8.000 
2025-01-11;sintia ;258;Pamalayan;P;Rawat Jalan;Umum;Klinik KIA;Pemeriksaan Umum dan Konsultasi Pada Rawat Jalan; Rp8.000 
2025-01-11;lusi;259;Pamalayan;P;Rawat Jalan;Umum;Klinik Umum;Pemeriksaan Umum dan Konsultasi Pada Rawat Jalan; Rp8.000 
2025-01-11;kamil;260;Cikelet;L;Rawat Jalan;Umum;Klinik Umum;Pemeriksaan Umum dan Konsultasi Pada Rawat Jalan; Rp8.000 
2025-01-11;;;;;;;;Pemeriksaan Laboratorium Rawat Jalan; Rp50.000 
2025-01-11;anindita;262;Pamalayan;P;Rawat Jalan;Umum;Klinik Umum;Pemeriksaan Umum dan Konsultasi Pada Rawat Jalan; Rp8.000 
2025-01-11;ariz;263;Pamalayan;L;Rawat Jalan;Umum;Klinik Umum;Pemeriksaan Umum dan Konsultasi Pada Rawat Jalan; Rp8.000 
2025-01-11;;;;;;;;Pengujian Keuring; Rp10.000 
2025-01-11;nenah;265;Luar Wilayah;P;Rawat Jalan;Umum;Klinik Umum;Pemeriksaan Umum dan Konsultasi Pada Rawat Jalan; Rp8.000 
2025-01-11;sintia;266;Pamalayan;P;Rawat Jalan;Umum;Klinik Umum;Pemeriksaan Laboratorium Rawat Jalan; Rp72.000 
2025-01-11;arhan;267;Tipar;L;Rawat Jalan;Umum;Klinik Umum;Pemeriksaan Umum dan Konsultasi Pada Rawat Jalan; Rp8.000 
2025-01-11;azahra;268;Cikelet;P;Rawat Jalan;Umum;Klinik Umum;Pemeriksaan Umum dan Konsultasi Pada Rawat Jalan; Rp8.000 
2025-01-11;arya;269;Pamalayan;L;Rawat Jalan;Umum;Klinik Umum;Pemeriksaan Umum dan Konsultasi Pada Rawat Jalan; Rp8.000 
2025-01-11;abizar;270;Pamalayan;L;Rawat Jalan;Umum;Klinik Umum;Pemeriksaan Umum dan Konsultasi Pada Rawat Jalan; Rp8.000 
2025-01-11;iis;271;Cikelet;P;Rawat Jalan;Umum;Klinik Umum;Pemeriksaan Umum dan Konsultasi Pada Rawat Jalan; Rp8.000 
2025-01-11;;;;;;;;Pemeriksaan Laboratorium Rawat Jalan; Rp30.000 
2025-01-11;selviana;273;Luar Wilayah;P;Rawat Jalan;Umum;Klinik KIA;Pemeriksaan Umum dan Konsultasi Pada Rawat Jalan; Rp8.000 
2025-01-11;;;;;;;;Pemeriksaan Laboratorium Rawat Jalan; Rp60.000 
2025-01-11;;;;;;;;Pemeriksaan KIA/USG; Rp50.000 
2025-01-11;dudung;276;Cikelet;L;Rawat Jalan;Umum;Klinik Umum;Pemeriksaan Umum dan Konsultasi Pada Rawat Jalan; Rp8.000 
2025-01-11;;;;;;;;Pengujian Keuring; Rp10.000 
2025-01-11;m rizaludin;278;Cijambe;L;Rawat Jalan;Umum;Klinik Umum;Pemeriksaan Umum dan Konsultasi Pada Rawat Jalan; Rp8.000 
2025-01-11;den zema;279;Cijambe;L;Rawat Jalan;Umum;Klinik Umum;Pemeriksaan Umum dan Konsultasi Pada Rawat Jalan; Rp8.000 
2025-01-11;saeful;280;Cikelet;L;Rawat Jalan;Umum;UGD;Pemeriksaan Umum dan Konsultasi Pada UGD; Rp10.000 
2025-01-13;nano;281;Cikelet;L;Rawat Jalan;Umum;UGD;Pemeriksaan Umum dan Konsultasi Pada UGD; Rp10.000 
2025-01-13;sahril;282;Luar Wilayah;P;Rawat Jalan;Umum;Klinik Umum;Pemeriksaan Umum dan Konsultasi Pada Rawat Jalan; Rp8.000 
2025-01-13;;;;;;;;Pengujian Keuring; Rp10.000 
2025-01-13;dede;284;Karangsari;P;Rawat Jalan;Umum;Klinik Umum;Pemeriksaan Umum dan Konsultasi Pada Rawat Jalan; Rp8.000 
2025-01-13;;;;;;;;Pemeriksaan Laboratorium Rawat Jalan; Rp30.000 
2025-01-13;nurilah;286;Linggamanik;P;Rawat Jalan;Umum;Klinik Umum;Pemeriksaan Umum dan Konsultasi Pada Rawat Jalan; Rp8.000 
2025-01-13;asep;287;Linggamanik;L;Rawat Jalan;Umum;Klinik Umum;Pemeriksaan Umum dan Konsultasi Pada Rawat Jalan; Rp8.000 
2025-01-13;sani;288;Luar Wilayah;P;Rawat Jalan;Umum;Klinik KIA;Pemeriksaan Umum dan Konsultasi Pada Rawat Jalan; Rp8.000 
2025-01-13;;;;;;;;Pemeriksaan Laboratorium Rawat Jalan; Rp25.000 
2025-01-13;resa;290;Cikelet;P;Rawat Jalan;Umum;Klinik KIA;Pemeriksaan Umum dan Konsultasi Pada Rawat Jalan; Rp8.000 
2025-01-13;;;;;;;;Pemeriksaan Laboratorium Rawat Jalan; Rp22.500 
2025-01-13;wawan;292;Luar Wilayah;L;Rawat Jalan;Umum;Klinik Umum;Pemeriksaan Umum dan Konsultasi Pada Rawat Jalan; Rp8.000 
2025-01-13;;;;;;;;Pemeriksaan Laboratorium Rawat Jalan; Rp30.000 
2025-01-13;tati;294;Cikelet;L;Rawat Jalan;Umum;Klinik Umum;Pemeriksaan Umum dan Konsultasi Pada Rawat Jalan; Rp8.000 
2025-01-13;dedi;295;Luar Wilayah;L;Rawat Jalan;Umum;UGD;Pemeriksaan Umum dan Konsultasi Pada UGD; Rp10.000 
2025-01-13;;;;;;;;Tindakan Medik; Rp50.000 
2025-01-13;lusi;297;Ciroyom;P;Rawat Jalan;BPJS;Klinik KIA;Pemeriksaan KIA/USG; Rp50.000 
2025-01-13;sarihatin;298;Cijambe;P;Rawat Jalan;Umum;Klinik Umum;Pemeriksaan Umum dan Konsultasi Pada Rawat Jalan; Rp8.000 
2025-01-13;zerina;299;Luar Wilayah;P;Rawat Jalan;Umum;Klinik Umum;Pemeriksaan Umum dan Konsultasi Pada Rawat Jalan; Rp8.000 
2025-01-13;atik;300;Luar Wilayah;P;Rawat Jalan;Umum;Klinik Umum;Pemeriksaan Umum dan Konsultasi Pada Rawat Jalan; Rp8.000 
2025-01-13;damar;301;Pamalayan;L;Rawat Jalan;Umum;Klinik Umum;Pemeriksaan Umum dan Konsultasi Pada Rawat Jalan; Rp8.000 
2025-01-13;yogi;302;Luar Wilayah;L;Rawat Jalan;Umum;Klinik Umum;Pemeriksaan Umum dan Konsultasi Pada Rawat Jalan; Rp8.000 
2025-01-13;;;;;;;;Pengujian Keuring; Rp10.000 
2025-01-13;rosita;304;Cikelet;P;Rawat Jalan;Umum;Klinik Umum;Pemeriksaan Umum dan Konsultasi Pada Rawat Jalan; Rp8.000 
2025-01-13;;;;;;;;Pengujian Keuring; Rp10.000 
2025-01-13;husna;306;Cijambe;P;Rawat Jalan;Umum;Klinik Umum;Pemeriksaan Umum dan Konsultasi Pada Rawat Jalan; Rp8.000 
2025-01-13;rahma;307;Linggamanik;P;Rawat Jalan;BPJS;Klinik Umum;Pemeriksaan KIA/USG; Rp50.000 
2025-01-13;alfiansyah;308;Luar Wilayah;L;Rawat Jalan;Umum;Klinik Umum;Pemeriksaan Umum dan Konsultasi Pada Rawat Jalan; Rp8.000 
2025-01-13;elzio;309;Pamalayan;L;Rawat Jalan;Umum;Klinik Umum;Pemeriksaan Umum dan Konsultasi Pada Rawat Jalan; Rp8.000 
2025-01-14;mutiara;310;Luar Wilayah;P;Rawat Jalan;Umum;Klinik Umum;Pemeriksaan Umum dan Konsultasi Pada Rawat Jalan; Rp8.000 
2025-01-14;sahal;311;Luar Wilayah;L;Rawat Jalan;Umum;Klinik Umum;Pemeriksaan Umum dan Konsultasi Pada Rawat Jalan; Rp8.000 
2025-01-14;teti;312;Pamalayan;P;Rawat Jalan;Umum;Klinik KIA;Pemeriksaan Umum dan Konsultasi Pada Rawat Jalan; Rp8.000 
2025-01-14;;;;;;;;Pemeriksaan Laboratorium Rawat Jalan; Rp72.500 
2025-01-14;;;;;;;;Pemeriksaan KIA/USG; Rp50.000 
2025-01-14;nafisatun;315;Cikelet;P;Rawat Jalan;Umum;UGD;Pemeriksaan Umum dan Konsultasi Pada UGD; Rp10.000 
2025-01-14;raisa;316;Cikelet;P;Rawat Jalan;Umum;UGD;Pemeriksaan Umum dan Konsultasi Pada UGD; Rp10.000 
2025-01-14;azwan;317;Cijambe;L;Rawat Jalan;Umum;UGD;Pemeriksaan Umum dan Konsultasi Pada UGD; Rp10.000 
2025-01-14;mildan;318;Cijambe;L;Rawat Jalan;Umum;UGD;Pemeriksaan Umum dan Konsultasi Pada UGD; Rp10.000 
2025-01-14;hipaz;319;Cijambe;L;Rawat Jalan;Umum;UGD;Pemeriksaan Umum dan Konsultasi Pada UGD; Rp10.000 
2025-01-14;sindi;320;Cijambe;P;Rawat Jalan;Umum;Klinik Umum;Pemeriksaan Umum dan Konsultasi Pada Rawat Jalan; Rp8.000 
2025-01-14;ikah;321;Luar Wilayah;P;Rawat Jalan;Umum;Klinik Umum;Pemeriksaan Umum dan Konsultasi Pada Rawat Jalan; Rp8.000 
2025-01-14;kaisa;322;Luar Wilayah;P;Rawat Jalan;Umum;Klinik Umum;Pemeriksaan Umum dan Konsultasi Pada Rawat Jalan; Rp8.000 
2025-01-14;pandu;323;Luar Wilayah;L;Rawat Jalan;Umum;Klinik Umum;Pemeriksaan Umum dan Konsultasi Pada Rawat Jalan; Rp8.000 
2025-01-14;rayan;324;Cikelet;L;Rawat Jalan;Umum;Klinik Umum;Pemeriksaan Umum dan Konsultasi Pada Rawat Jalan; Rp8.000 
2025-01-14;fajar;325;Luar Wilayah;L;Rawat Jalan;Umum;Klinik Umum;Pemeriksaan Umum dan Konsultasi Pada Rawat Jalan; Rp8.000 
2025-01-14;alya;326;Luar Wilayah;P;Rawat Inap;Umum;Rawat Inap;Pemeriksaan Umum dan Konsultasi Pada UGD; Rp10.000 
2025-01-14;;;;;;;;Tindakan Medik; Rp55.000 
2025-01-14;;;;;;;;Pendapatan Pelayanan Rawat Inap Umum; Rp120.000 
2025-01-14;;;;;;;;Penyediaan Obat dan BMHP Rawat Inap; Rp156.000 
2025-01-14;m alfatih;330;Cikelet;L;Rawat Jalan;Umum;Klinik Umum;Pemeriksaan Umum dan Konsultasi Pada Rawat Jalan; Rp8.000 
2025-01-14;habib;331;Luar Wilayah;L;Rawat Inap;Umum;Rawat Inap;Pemeriksaan Umum dan Konsultasi Pada UGD; Rp10.000 
2025-01-14;;;;;;;;Tindakan Medik; Rp85.000 
2025-01-14;;;;;;;;Pendapatan Pelayanan Rawat Inap Umum; Rp120.000 
2025-01-14;;;;;;;;Penyediaan Obat dan BMHP Rawat Inap; Rp169.000 
2025-01-14;dadah;335;Cikelet;P;Rawat Jalan;Umum;Poli Lansia;Pemeriksaan Umum dan Konsultasi Pada Rawat Jalan; Rp8.000 
2025-01-14;;;;;;;;Pemeriksaan Laboratorium Rawat Jalan; Rp30.000 
2025-01-14;ika;337;Cikelet;P;Rawat Jalan;Umum;Klinik Gigi;Pemeriksaan Umum dan Konsultasi Pada Rawat Jalan; Rp8.000 
2025-01-14;;;;;;;;Pemeriksaan Gigi & Mulut; Rp10.000 
2025-01-14;sifa;339;Pamalayan;P;Rawat Jalan;Umum;Klinik Umum;Pemeriksaan Umum dan Konsultasi Pada Rawat Jalan; Rp8.000 
2025-01-14;susilawati;340;Cikelet;P;Rawat Jalan;Umum;Klinik Umum;Pemeriksaan Umum dan Konsultasi Pada Rawat Jalan; Rp8.000 
2025-01-14;wati;341;Linggamanik;P;Rawat Jalan;Umum;Klinik Umum;Pemeriksaan Umum dan Konsultasi Pada Rawat Jalan; Rp8.000 
2025-01-14;nadia;342;Luar Wilayah;P;Rawat Jalan;Umum;Klinik Umum;Pemeriksaan Umum dan Konsultasi Pada Rawat Jalan; Rp8.000 
2025-01-14;;;;;;;;Pemeriksaan Gigi & Mulut; Rp30.000 
2025-01-14;ajis;344;Luar Wilayah;L;Rawat Jalan;Umum;Klinik Umum;Pemeriksaan Umum dan Konsultasi Pada Rawat Jalan; Rp8.000 
2025-01-14;;;;;;;;Pengujian Keuring; Rp10.000 
2025-01-14;haidar;346;Ciroyom;L;Rawat Jalan;Umum;Klinik Umum;Pemeriksaan Umum dan Konsultasi Pada Rawat Jalan; Rp8.000 
2025-01-14;dikdik;347;Cikelet;L;Rawat Jalan;Umum;Klinik Umum;Pemeriksaan Umum dan Konsultasi Pada Rawat Jalan; Rp8.000 
2025-01-14;;;;;;;;Pengujian Keuring; Rp10.000 
2025-01-14;m riki;349;Luar Wilayah;L;Rawat Jalan;Umum;Klinik Umum;Pemeriksaan Umum dan Konsultasi Pada Rawat Jalan; Rp8.000 
2025-01-14;;;;;;;;Pengujian Keuring; Rp10.000 
2025-01-14;nadira;351;Luar Wilayah;P;Rawat Jalan;Umum;Klinik Umum;Pemeriksaan Umum dan Konsultasi Pada Rawat Jalan; Rp8.000 
2025-01-14;sani;352;Cikelet;P;Rawat Jalan;Umum;Klinik Umum;Pemeriksaan Umum dan Konsultasi Pada Rawat Jalan; Rp8.000 
2025-01-14;vania;353;Cikelet;P;Rawat Jalan;Umum;Klinik Umum;Pemeriksaan Umum dan Konsultasi Pada Rawat Jalan; Rp8.000 
2025-01-14;tuti;354;Ciroyom;P;Rawat Jalan;Umum;Klinik Umum;Pemeriksaan Umum dan Konsultasi Pada Rawat Jalan; Rp8.000 
2025-01-14;asri;355;Cikelet;P;Rawat Jalan;Umum;Klinik Umum;Pemeriksaan Umum dan Konsultasi Pada Rawat Jalan; Rp8.000 
2025-01-14;amelia;356;Cikelet;P;Rawat Jalan;Umum;Klinik Umum;Pemeriksaan Umum dan Konsultasi Pada Rawat Jalan; Rp8.000 
2025-01-14;rani;357;Cikelet;P;Rawat Jalan;Umum;Klinik Umum;Pemeriksaan Umum dan Konsultasi Pada Rawat Jalan; Rp8.000 
2025-01-14;fasha;358;Luar Wilayah;L;Rawat Jalan;Umum;Klinik Umum;Pemeriksaan Umum dan Konsultasi Pada Rawat Jalan; Rp8.000 
2025-01-14;raisa;359;Cikelet;P;Rawat Jalan;Umum;Klinik Umum;Pemeriksaan Umum dan Konsultasi Pada Rawat Jalan; Rp8.000 
2025-01-14;saepul;360;Cikelet;L;Rawat Jalan;BPJS;Klinik Umum;Pengujian Keuring; Rp10.000 
2025-01-14;dina;361;Karangsari;P;Rawat Jalan;Umum;Klinik KIA;Pemeriksaan Umum dan Konsultasi Pada Rawat Jalan; Rp8.000 
2025-01-14;;;;;;;;Pemeriksaan Laboratorium Rawat Jalan; Rp47.500 
2025-01-14;imam;363;Linggamanik;L;Rawat Jalan;Umum;Klinik Umum;Pemeriksaan Umum dan Konsultasi Pada Rawat Jalan; Rp8.000 
2025-01-14;;;;;;;;Pengujian Keuring; Rp10.000 
2025-01-15;wita;365;Cikelet;P;Rawat Jalan;BPJS;Klinik KIA;Pemeriksaan KIA/USG; Rp50.000 
2025-01-15;naila;366;Pamalayan;P;Rawat Jalan;Umum;Klinik Umum;Pemeriksaan Umum dan Konsultasi Pada Rawat Jalan; Rp8.000 
2025-01-15;winda;367;Luar Wilayah;P;Rawat Jalan;Umum;Klinik Umum;Pemeriksaan Umum dan Konsultasi Pada Rawat Jalan; Rp8.000 
2025-01-15;ageung;368;Pamalayan;P;Rawat Jalan;Umum;Poli Lansia;Pemeriksaan Umum dan Konsultasi Pada Rawat Jalan; Rp8.000 
2025-01-15;ilham;369;Cikelet;L;Rawat Jalan;Umum;Klinik Umum;Pemeriksaan Umum dan Konsultasi Pada Rawat Jalan; Rp8.000 
2025-01-15;maskanah;370;Cijambe;P;Rawat Jalan;Umum;Klinik Umum;Pemeriksaan Umum dan Konsultasi Pada Rawat Jalan; Rp8.000 
2025-01-15;yoyoh;371;Cikelet;P;Rawat Jalan;Umum;Klinik Umum;Pemeriksaan Umum dan Konsultasi Pada Rawat Jalan; Rp8.000 
2025-01-15;ali zaenal;372;Cikelet;L;Rawat Jalan;Umum;Klinik Umum;Pemeriksaan Umum dan Konsultasi Pada Rawat Jalan; Rp8.000 
2025-01-15;dede nina;373;Awassagara;P;Rawat Jalan;Umum;Klinik Umum;Pemeriksaan Umum dan Konsultasi Pada Rawat Jalan; Rp8.000 
2025-01-15;intan;374;Cikelet;P;Rawat Jalan;Umum;Klinik KIA;Pemeriksaan Umum dan Konsultasi Pada Rawat Jalan; Rp8.000 
2025-01-15;;;;;;;;Pemeriksaan Laboratorium Rawat Jalan; Rp35.000 
2025-01-15;;;;;;;;Pemeriksaan KIA/USG; Rp50.000 
2025-01-15;nurlela;377;Luar Wilayah;P;Rawat Jalan;Umum;Klinik Umum;Penyediaan Obat dan BMHP Rawat Jalan; Rp15.000 
2025-01-15;yusup;378;Luar Wilayah;L;Rawat Jalan;Umum;Klinik Umum;Pemeriksaan Umum dan Konsultasi Pada Rawat Jalan; Rp8.000 
2025-01-16;suci;379;Cikelet;P;Rawat Jalan;Umum;UGD;Pemeriksaan Umum dan Konsultasi Pada UGD; Rp10.000 
2025-01-16;;;;;;;;Tindakan Medik; Rp50.000 
2025-01-16;raswan;381;Cikelet;L;Rawat Jalan;Umum;UGD;Pemeriksaan Umum dan Konsultasi Pada UGD; Rp10.000 
2025-01-16;;;;;;;;Tindakan Medik; Rp10.000 
2025-01-16;awis;383;Cikelet;P;Rawat Jalan;Umum;Klinik Umum;Pemeriksaan Umum dan Konsultasi Pada Rawat Jalan; Rp8.000 
2025-01-16;;;;;;;;Tindakan Medik; Rp5.000 
2025-01-16;;;;;;;;Pengujian Keuring; Rp10.000 
2025-01-16;;;;;;;;Pemeriksaan Laboratorium Rawat Jalan; Rp35.000 
2025-01-16;enung;387;Linggamanik;P;Rawat Jalan;Umum;Klinik Umum;Pemeriksaan Umum dan Konsultasi Pada Rawat Jalan; Rp8.000 
2025-01-16;adiva;388;Linggamanik;P;Rawat Jalan;Umum;Klinik Umum;Pemeriksaan Umum dan Konsultasi Pada Rawat Jalan; Rp8.000 
2025-01-16;regita;389;Linggamanik;P;Rawat Jalan;Umum;Klinik Umum;Pemeriksaan Umum dan Konsultasi Pada Rawat Jalan; Rp8.000 
2025-01-16;maesaroh;390;Luar Wilayah;P;Rawat Jalan;Umum;Klinik Gigi;Pemeriksaan Umum dan Konsultasi Pada Rawat Jalan; Rp8.000 
2025-01-16;;;;;;;;Pemeriksaan Gigi & Mulut; Rp10.000 
2025-01-16;rika;392;Cijambe;P;Rawat Jalan;Umum;Klinik Umum;Pemeriksaan Umum dan Konsultasi Pada Rawat Jalan; Rp8.000 
2025-01-16;zaifi;393;Cijambe;L;Rawat Jalan;BPJS;Klinik Umum;Pengujian Keuring; Rp10.000 
2025-01-16;saripah;394;Luar Wilayah;P;Rawat Inap;BPJS;Rawat Inap;Pemeriksaan Umum dan Konsultasi Pada UGD; Rp10.000 
2025-01-16;astia;395;Cijambe;P;Rawat Jalan;Umum;Klinik Umum;Pemeriksaan Umum dan Konsultasi Pada Rawat Jalan; Rp8.000 
2025-01-16;;;;;;;;Tindakan Medik; Rp5.000 
2025-01-16;;;;;;;;Pemeriksaan Laboratorium Rawat Jalan; Rp60.000 
2025-01-16;;;;;;;;Pengujian Keuring; Rp10.000 
2025-01-16;nurilah;399;Linggamanik;P;Rawat Jalan;Umum;Klinik Umum;Pemeriksaan Umum dan Konsultasi Pada Rawat Jalan; Rp8.000 
2025-01-16;kenandra;400;Luar Wilayah;L;Rawat Jalan;Umum;Klinik Umum;Pemeriksaan Umum dan Konsultasi Pada Rawat Jalan; Rp8.000 
2025-01-16;kartika;401;Luar Wilayah;P;Rawat Jalan;Umum;Klinik Umum;Pemeriksaan Umum dan Konsultasi Pada Rawat Jalan; Rp8.000 
2025-01-16;juwarsih;402;Cikelet;P;Rawat Jalan;Umum;Klinik Umum;Pemeriksaan Umum dan Konsultasi Pada Rawat Jalan; Rp8.000 
2025-01-16;salsa;403;Luar Wilayah;P;Rawat Jalan;Umum;Klinik Umum;Pemeriksaan Umum dan Konsultasi Pada Rawat Jalan; Rp8.000 
2025-01-16;mira;404;Cikelet;P;Rawat Jalan;Umum;Klinik Umum;Pemeriksaan Umum dan Konsultasi Pada Rawat Jalan; Rp8.000 
2025-01-16;;;;;;;;Pemeriksaan Laboratorium Rawat Jalan; Rp47.500 
2025-01-16;dadang;406;Pamalayan;L;Rawat Jalan;Umum;UGD;Pemeriksaan Umum dan Konsultasi Pada UGD; Rp10.000 
2025-01-16;angga;407;Ciroyom;L;Rawat Jalan;Umum;Klinik Umum;Pemeriksaan Umum dan Konsultasi Pada Rawat Jalan; Rp8.000 
2025-01-16;;;;;;;;Pengujian Keuring; Rp10.000 
2025-01-16;sopiah;409;Cijambe;P;Rawat Jalan;Umum;Klinik Umum;Pemeriksaan Umum dan Konsultasi Pada Rawat Jalan; Rp8.000 
2025-01-16;;;;;;;;Pengujian Keuring; Rp10.000 
2025-01-16;;;;;;;;Pemeriksaan Laboratorium Rawat Jalan; Rp60.000 
2025-01-16;;;;;;;;Tindakan Medik; Rp5.000 
2025-01-16;sumali;413;Luar Wilayah;L;Rawat Jalan;Umum;Klinik Umum;Pemeriksaan Umum dan Konsultasi Pada Rawat Jalan; Rp8.000 
2025-01-16;yordan;414;Luar Wilayah;L;Rawat Jalan;Umum;Klinik Umum;Pemeriksaan Umum dan Konsultasi Pada Rawat Jalan; Rp8.000 
2025-01-16;nurlela;415;Linggamanik;P;Rawat Jalan;Umum;Klinik Umum;Pemeriksaan Umum dan Konsultasi Pada Rawat Jalan; Rp8.000 
2025-01-16;wati;416;Pamalayan;P;Rawat Jalan;Umum;Klinik Umum;Pemeriksaan Umum dan Konsultasi Pada Rawat Jalan; Rp8.000 
2025-01-16;susilawati;417;Cikelet;P;Rawat Jalan;Umum;Klinik Umum;Pemeriksaan Umum dan Konsultasi Pada Rawat Jalan; Rp8.000 
2025-01-16;sakila;418;Luar Wilayah;P;Rawat Jalan;Umum;Klinik Umum;Pemeriksaan Umum dan Konsultasi Pada Rawat Jalan; Rp8.000 
2025-01-16;masriah;419;Luar Wilayah;P;Rawat Jalan;Umum;Klinik Umum;Pemeriksaan Umum dan Konsultasi Pada Rawat Jalan; Rp8.000 
2025-01-16;rina;420;Luar Wilayah;P;Rawat Jalan;Umum;UGD;Pemeriksaan Umum dan Konsultasi Pada UGD; Rp10.000 
2025-01-17;nurnatasya;421;Luar Wilayah;P;Rawat Jalan;Umum;Klinik Umum;Pemeriksaan Umum dan Konsultasi Pada Rawat Jalan; Rp8.000 
2025-01-17;asep;422;Cikelet;L;Rawat Jalan;Umum;Klinik Umum;Pemeriksaan Umum dan Konsultasi Pada Rawat Jalan; Rp8.000 
2025-01-17;azkia;423;Cikelet;P;Rawat Jalan;Umum;Klinik Umum;Pemeriksaan Umum dan Konsultasi Pada Rawat Jalan; Rp8.000 
2025-01-17;;;;;;;;Pemeriksaan Gigi & Mulut; Rp10.000 
2025-01-17;atit;425;Cikelet;P;Rawat Jalan;Umum;UGD;Pemeriksaan Umum dan Konsultasi Pada UGD; Rp10.000 
2025-01-17;;;;;;;;Tindakan Medik; Rp20.000 
2025-01-17;dina;427;Cikelet;P;Rawat Jalan;Umum;UGD;Pemeriksaan Umum dan Konsultasi Pada UGD; Rp10.000 
2025-01-17;ani;428;Cikelet;P;Rawat Jalan;Umum;UGD;Pemeriksaan Umum dan Konsultasi Pada UGD; Rp10.000 
2025-01-17;atala;429;Luar Wilayah;P;Rawat Jalan;Umum;Klinik Umum;Pemeriksaan Umum dan Konsultasi Pada Rawat Jalan; Rp8.000 
2025-01-17;ratna;430;Karangsari;P;Rawat Jalan;Umum;Klinik Umum;Pemeriksaan Umum dan Konsultasi Pada Rawat Jalan; Rp8.000 
2025-01-17;elis;431;Tipar;P;Rawat Jalan;Umum;Klinik Umum;Pemeriksaan Umum dan Konsultasi Pada Rawat Jalan; Rp8.000 
2025-01-17;arumi;432;Luar Wilayah;P;Rawat Jalan;Umum;Klinik Umum;Pemeriksaan Umum dan Konsultasi Pada Rawat Jalan; Rp8.000 
2025-01-17;sopilah;433;Cikelet;P;Rawat Jalan;Umum;Klinik Umum;Pemeriksaan Umum dan Konsultasi Pada Rawat Jalan; Rp8.000 
2025-01-17;endin;434;Cikelet;L;Rawat Jalan;Umum;Klinik Umum;Pemeriksaan Umum dan Konsultasi Pada Rawat Jalan; Rp8.000 
2025-01-17;gladis;435;Luar Wilayah;P;Rawat Jalan;Umum;Klinik Umum;Pemeriksaan Umum dan Konsultasi Pada Rawat Jalan; Rp8.000 
2025-01-17;;;;;;;;Pemeriksaan Laboratorium Rawat Jalan; Rp25.000 
2025-01-17;eti;437;Luar Wilayah;P;Rawat Jalan;Umum;Klinik Umum;Pemeriksaan Umum dan Konsultasi Pada Rawat Jalan; Rp8.000 
2025-01-17;;;;;;;;Pemeriksaan Laboratorium Rawat Jalan; Rp25.000 
2025-01-17;m rizal;439;Cijambe;L;Rawat Jalan;Umum;Klinik Umum;Pemeriksaan Umum dan Konsultasi Pada Rawat Jalan; Rp8.000 
2025-01-17;ani;440;Cikelet;P;Rawat Jalan;Umum;Klinik Umum;Pemeriksaan Umum dan Konsultasi Pada Rawat Jalan; Rp8.000 
2025-01-17;ai maemunah;441;Luar Wilayah;P;Rawat Jalan;Umum;Klinik Umum;Pemeriksaan Umum dan Konsultasi Pada Rawat Jalan; Rp8.000 
2025-01-17;jamilah;442;Cikelet;P;Rawat Inap;Umum;Rawat Inap;Pemeriksaan Umum dan Konsultasi Pada UGD; Rp10.000 
2025-01-17;;;;;;;;Tindakan Medik; Rp95.000 
2025-01-17;;;;;;;;Pendapatan Pelayanan Rawat Inap Umum; Rp60.000 
2025-01-17;;;;;;;;Pemakaian Oksigen; Rp100.000 
2025-01-17;;;;;;;;Pemeriksaan Laboratorium Rawat Inap; Rp20.000 
2025-01-17;;;;;;;;Penyediaan Obat dan BMHP Rawat Inap; Rp15.000 
2025-01-17;almira;448;Cikelet;P;Rawat Jalan;Umum;Klinik Umum;Pemeriksaan Umum dan Konsultasi Pada Rawat Jalan; Rp8.000 
2025-01-17;ranti;449;Luar Wilayah;P;Rawat Jalan;Umum;Klinik KIA;Pemeriksaan Umum dan Konsultasi Pada Rawat Jalan; Rp8.000 
2025-01-17;;;;;;;;Pemeriksaan Umum dan Konsultasi Pada Rawat Jalan; Rp25.000 
2025-01-17;yayah;451;Luar Wilayah;P;Rawat Jalan;Umum;Klinik Umum;Pemeriksaan Umum dan Konsultasi Pada Rawat Jalan; Rp8.000 
2025-01-17;;;;;;;;Pemeriksaan Laboratorium Rawat Jalan; Rp60.000 
2025-01-17;rohaeti;453;Luar Wilayah;P;Rawat Inap;Umum;Rawat Inap;Pemeriksaan Umum dan Konsultasi Pada UGD; Rp10.000 
2025-01-17;;;;;;;;Tindakan Medik; Rp120.000 
2025-01-17;;;;;;;;Pendapatan Pelayanan Rawat Inap Umum; Rp240.000 
2025-01-17;;;;;;;;Pemeriksaan Laboratorium Rawat Inap; Rp25.000 
2025-01-17;;;;;;;;Penyediaan Obat dan BMHP Rawat Inap; Rp280.000 
2025-01-17;asep;458;Cikelet;L;Rawat Jalan;Umum;Klinik Umum;Pengujian Keuring; Rp5.000 
2025-01-18;wulan;459;Cikelet;P;Rawat Jalan;Umum;Klinik Umum;Pemeriksaan Umum dan Konsultasi Pada Rawat Jalan; Rp8.000 
2025-01-18;cakra;460;Luar Wilayah;L;Rawat Jalan;Umum;UGD;Pemeriksaan Umum dan Konsultasi Pada UGD; Rp10.000 
2025-01-18;ai risma;461;Luar Wilayah;P;Rawat Jalan;Umum;Klinik KIA;Pemeriksaan Umum dan Konsultasi Pada Rawat Jalan; Rp8.000 
2025-01-18;maya;462;Cikelet;P;Rawat Jalan;Umum;UGD;Pemeriksaan Umum dan Konsultasi Pada UGD; Rp10.000 
2025-01-18;giatsya;463;Luar Wilayah;P;Rawat Jalan;Umum;Klinik Umum;Pemeriksaan Umum dan Konsultasi Pada Rawat Jalan; Rp8.000 
2025-01-18;mutohar dafa;464;Cikelet;L;Rawat Jalan;Umum;Klinik Umum;Pemeriksaan Umum dan Konsultasi Pada Rawat Jalan; Rp8.000 
2025-01-18;alparo;465;Cikelet;L;Rawat Jalan;Umum;Klinik Umum;Pemeriksaan Umum dan Konsultasi Pada Rawat Jalan; Rp8.000 
2025-01-18;andre;466;Luar Wilayah;L;Rawat Jalan;Umum;Klinik Umum;Pemeriksaan Umum dan Konsultasi Pada Rawat Jalan; Rp8.000 
2025-01-18;nurmaningsih;467;Luar Wilayah;P;Rawat Jalan;Umum;Klinik Umum;Pemeriksaan Umum dan Konsultasi Pada Rawat Jalan; Rp8.000 
2025-01-18;hamdan;468;Luar Wilayah;L;Rawat Jalan;Umum;Klinik Umum;Pemeriksaan Umum dan Konsultasi Pada Rawat Jalan; Rp8.000 
2025-01-18;bilal;469;Luar Wilayah;L;Rawat Jalan;Umum;UGD;Pemeriksaan Umum dan Konsultasi Pada UGD; Rp10.000 
2025-01-18;sandra;470;Linggamanik;P;Rawat Jalan;BPJS;Klinik KIA;Pemeriksaan KIA/USG; Rp50.000 
2025-01-18;reza;471;Luar Wilayah;L;Rawat Jalan;Umum;Klinik Umum;Pemeriksaan Umum dan Konsultasi Pada Rawat Jalan; Rp8.000 
2025-01-18;;;;;;;;Pengujian Keuring; Rp10.000 
2025-01-18;andri;473;Luar Wilayah;L;Rawat Jalan;Umum;Klinik Umum;Pemeriksaan Umum dan Konsultasi Pada Rawat Jalan; Rp8.000 
2025-01-18;;;;;;;;Pengujian Keuring; Rp10.000 
2025-01-18;kinan;475;Luar Wilayah;P;Rawat Jalan;Umum;UGD;Pemeriksaan Umum dan Konsultasi Pada Rawat Jalan; Rp8.000 
2025-01-20;ezar;476;Luar Wilayah;L;Rawat Jalan;Umum;UGD;Pemeriksaan Umum dan Konsultasi Pada UGD; Rp10.000 
2025-01-20;deris;477;Luar Wilayah;L;Rawat Jalan;Umum;UGD;Penyediaan Obat dan BMHP Rawat Jalan; Rp20.000 
2025-01-20;ilyas;478;Cikelet;L;Rawat Jalan;Umum;UGD;Pemeriksaan Umum dan Konsultasi Pada UGD; Rp10.000 
2025-01-20;zamzam;479;Cikelet;L;Rawat Jalan;Umum;UGD;Pemeriksaan Umum dan Konsultasi Pada UGD; Rp10.000 
2025-01-20;dede;480;Luar Wilayah;L;Rawat Jalan;Umum;Klinik Umum;Pemeriksaan Umum dan Konsultasi Pada Rawat Jalan; Rp8.000 
2025-01-20;aas;481;Linggamanik;L;Rawat Jalan;Umum;Klinik Umum;Pemeriksaan Umum dan Konsultasi Pada Rawat Jalan; Rp8.000 
2025-01-20;dede nina;482;Awassagara;P;Rawat Jalan;Umum;Klinik Umum;Pemeriksaan Umum dan Konsultasi Pada Rawat Jalan; Rp8.000 
2025-01-20;saroh;483;Luar Wilayah;P;Rawat Jalan;Umum;Poli Lansia;Pemeriksaan Umum dan Konsultasi Pada Rawat Jalan; Rp8.000 
2025-01-20;wati;484;Luar Wilayah;P;Rawat Jalan;Umum;Klinik Umum;Pemeriksaan Umum dan Konsultasi Pada Rawat Jalan; Rp8.000 
2025-01-20;undang;485;Pamalayan;L;Rawat Jalan;Umum;Klinik Umum;Pemeriksaan Umum dan Konsultasi Pada Rawat Jalan; Rp8.000 
2025-01-20;windi;486;Awassagara;P;Rawat Jalan;BPJS;Klinik KIA;Pemeriksaan KIA/USG; Rp50.000 
2025-01-20;vila andita p3k;487;Cikelet;P;Rawat Jalan;BPJS;Penggunaan Ambulance;Pelayanan P3K; Rp400.000 
2025-01-20;marko;488;Luar Wilayah;L;Rawat Jalan;Umum;Klinik Umum;Pemeriksaan Umum dan Konsultasi Pada Rawat Jalan; Rp8.000 
2025-01-20;salsa;489;Cijambe;P;Rawat Jalan;Umum;Klinik Umum;Pemeriksaan Umum dan Konsultasi Pada Rawat Jalan; Rp8.000 
2025-01-20;imam;490;Cijambe;L;Rawat Jalan;Umum;UGD;Pemeriksaan Umum dan Konsultasi Pada UGD; Rp10.000 
2025-01-20;sarimah;491;Luar Wilayah;P;Rawat Jalan;Umum;Poli Lansia;Pemeriksaan Umum dan Konsultasi Pada Rawat Jalan; Rp8.000 
2025-01-20;mutiara;492;Cikelet;P;Rawat Jalan;Umum;Klinik Umum;Pemeriksaan Umum dan Konsultasi Pada Rawat Jalan; Rp8.000 
2025-01-20;romdon;493;Pamalayan;L;Rawat Jalan;Umum;UGD;Pemeriksaan Umum dan Konsultasi Pada UGD; Rp10.000 
2025-01-20;jaisa;494;Cikelet;P;Rawat Jalan;Umum;Klinik Umum;Pemeriksaan Umum dan Konsultasi Pada Rawat Jalan; Rp8.000 
2025-01-20;yogi;495;Luar Wilayah;L;Rawat Jalan;Umum;Klinik Umum;Pemeriksaan Umum dan Konsultasi Pada Rawat Jalan; Rp8.000 
2025-01-20;;;;;;;;Pengujian Keuring; Rp10.000 
2025-01-20;naura;497;Cikelet;P;Rawat Jalan;Umum;UGD;Pemeriksaan Umum dan Konsultasi Pada UGD; Rp10.000 
2025-01-20;kunaepi;498;Luar Wilayah;L;Rawat Jalan;Umum;Klinik Umum;Pemeriksaan Umum dan Konsultasi Pada Rawat Jalan; Rp8.000 
2025-01-20;hadsah;499;Cikelet;P;Rawat Jalan;Umum;Klinik Umum;Pemeriksaan Umum dan Konsultasi Pada Rawat Jalan; Rp8.000 
2025-01-20;;;;;;;;Pemeriksaan Laboratorium Rawat Jalan; Rp30.000 
2025-01-20;mutohar arkan;501;Cikelet;L;Rawat Jalan;Umum;Klinik Umum;Pemeriksaan Umum dan Konsultasi Pada Rawat Jalan; Rp8.000 
2025-01-20;mutohar dafa;502;Cikelet;L;Rawat Jalan;Umum;Klinik Umum;Pemeriksaan Umum dan Konsultasi Pada Rawat Jalan; Rp8.000 
2025-01-21;delita;503;Cikelet;P;Rawat Jalan;Umum;Klinik KIA;Pemeriksaan Umum dan Konsultasi Pada Rawat Jalan; Rp8.000 
2025-01-21;;;;;;;;Pemeriksaan Laboratorium Rawat Jalan; Rp10.000 
2025-01-21;arga;505;Luar Wilayah;L;Rawat Jalan;Umum;Klinik Umum;Pemeriksaan Umum dan Konsultasi Pada Rawat Jalan; Rp8.000 
2025-01-21;alfarida;506;Linggamanik;P;Rawat Jalan;Umum;Klinik Umum;Pemeriksaan Umum dan Konsultasi Pada Rawat Jalan; Rp8.000 
2025-01-21;ani;507;Luar Wilayah;P;Rawat Jalan;Umum;Klinik Umum;Pemeriksaan Umum dan Konsultasi Pada Rawat Jalan; Rp8.000 
2025-01-21;saripah;508;Luar Wilayah;P;Rawat Jalan;Umum;Klinik Umum;Pemeriksaan Umum dan Konsultasi Pada Rawat Jalan; Rp8.000 
2025-01-21;kurniasih;509;Cikelet;P;Rawat Jalan;Umum;Klinik Gigi;Pemeriksaan Umum dan Konsultasi Pada Rawat Jalan; Rp8.000 
2025-01-21;;;;;;;;Pemeriksaan Gigi & Mulut; Rp50.000 
2025-01-21;yadi;511;Luar Wilayah;L;Rawat Jalan;Umum;Klinik Umum;Pemeriksaan Umum dan Konsultasi Pada Rawat Jalan; Rp8.000 
2025-01-21;m lutfi;512;Luar Wilayah;L;Rawat Jalan;Umum;Klinik Umum;Pemeriksaan Umum dan Konsultasi Pada Rawat Jalan; Rp8.000 
2025-01-21;husen;513;Pamalayan;L;Rawat Jalan;Umum;Klinik Umum;Pemeriksaan Umum dan Konsultasi Pada Rawat Jalan; Rp8.000 
2025-01-21;usep;514;Ciroyom;L;Rawat Jalan;Umum;Klinik Umum;Pemeriksaan Umum dan Konsultasi Pada Rawat Jalan; Rp8.000 
2025-01-21;;;;;;;;Pemeriksaan Laboratorium Rawat Jalan; Rp30.000 
2025-01-21;azhar;516;Luar Wilayah;L;Rawat Jalan;Umum;Klinik Umum;Pemeriksaan Umum dan Konsultasi Pada Rawat Jalan; Rp8.000 
2025-01-21;arsad;517;Luar Wilayah;L;Rawat Jalan;Umum;Klinik Umum;Pemeriksaan Umum dan Konsultasi Pada Rawat Jalan; Rp8.000 
2025-01-21;lia;518;Luar Wilayah;P;Rawat Jalan;Umum;Klinik Umum;Pemeriksaan Umum dan Konsultasi Pada Rawat Jalan; Rp8.000 
2025-01-21;m bilal;519;Luar Wilayah;L;Rawat Inap;Umum;Rawat Inap;Pemeriksaan Umum dan Konsultasi Pada UGD; Rp10.000 
2025-01-21;;;;;;;;Tindakan Medik; Rp100.000 
2025-01-21;;;;;;;;Pendapatan Pelayanan Rawat Inap Umum; Rp120.000 
2025-01-21;;;;;;;;Pemeriksaan Laboratorium Rawat Inap; Rp50.000 
2025-01-21;;;;;;;;Penyediaan Obat dan BMHP Rawat Inap; Rp260.000 
2025-01-21;ima;524;Luar Wilayah;P;Rawat Jalan;Umum;Klinik Gigi;Pemeriksaan Umum dan Konsultasi Pada Rawat Jalan; Rp8.000 
2025-01-21;;;;;;;;Pemeriksaan Gigi & Mulut; Rp10.000 
2025-01-21;wina;526;Cijambe;P;Rawat Jalan;Umum;Klinik KIA;Pemeriksaan Umum dan Konsultasi Pada Rawat Jalan; Rp8.000 
2025-01-21;;;;;;;;Pemeriksaan Laboratorium Rawat Jalan; Rp35.000 
2025-01-21;;;;;;;;Pemeriksaan KIA/USG; Rp50.000 
2025-01-21;latifah;529;Cijambe;P;Rawat Jalan;Umum;Klinik Umum;Pemeriksaan Umum dan Konsultasi Pada Rawat Jalan; Rp8.000 
2025-01-21;;;;;;;;Pemeriksaan Laboratorium Rawat Jalan; Rp30.000 
2025-01-21;sri;531;Luar Wilayah;P;Rawat Jalan;Umum;Klinik Umum;Pemeriksaan Umum dan Konsultasi Pada Rawat Jalan; Rp8.000 
2025-01-21;raisa;532;Luar Wilayah;P;Rawat Jalan;Umum;Klinik Umum;Pemeriksaan Umum dan Konsultasi Pada Rawat Jalan; Rp8.000 
2025-01-21;rizky;533;Luar Wilayah;L;Rawat Jalan;Umum;Klinik Umum;Pemeriksaan Umum dan Konsultasi Pada Rawat Jalan; Rp8.000 
2025-01-21;apzar;534;Pamalayan;L;Rawat Jalan;Umum;Klinik Umum;Pemeriksaan Umum dan Konsultasi Pada Rawat Jalan; Rp8.000 
2025-01-21;novia;535;Cikelet;P;Rawat Jalan;BPJS;Klinik KIA;Pemeriksaan KIA/USG; Rp50.000 
2025-01-21;arpan;536;Pamalayan;L;Rawat Jalan;Umum;Klinik Umum;Pemeriksaan Umum dan Konsultasi Pada Rawat Jalan; Rp8.000 
2025-01-21;sandi;537;Luar Wilayah;L;Rawat Jalan;Umum;Klinik Umum;Pemeriksaan Umum dan Konsultasi Pada Rawat Jalan; Rp8.000 
2025-01-21;;;;;;;;Pengujian Keuring; Rp10.000 
2025-01-21;daud;539;Luar Wilayah;L;Rawat Jalan;Umum;Klinik Umum;Pemeriksaan Umum dan Konsultasi Pada Rawat Jalan; Rp8.000 
2025-01-21;;;;;;;;Pengujian Keuring; Rp10.000 
2025-01-21;adam;541;Cikelet;L;Rawat Jalan;Umum;Klinik Umum;Pemeriksaan Umum dan Konsultasi Pada Rawat Jalan; Rp8.000 
2025-01-22;siti;542;Cikelet;P;Rawat Jalan;Umum;Klinik KIA;Pemeriksaan Umum dan Konsultasi Pada Rawat Jalan; Rp8.000 
2025-01-22;;;;;;;;Pemeriksaan Laboratorium Rawat Jalan; Rp72.500 
2025-01-22;siti astuti;544;Luar Wilayah;P;Rawat Jalan;Umum;Klinik Umum;Pemeriksaan Umum dan Konsultasi Pada Rawat Jalan; Rp8.000 
2025-01-22;hasna;545;Cikelet;P;Rawat Jalan;Umum;Klinik Umum;Pemeriksaan Umum dan Konsultasi Pada Rawat Jalan; Rp8.000 
2025-01-22;rosa;546;Pamalayan;P;Rawat Inap;BPJS;Rawat Inap;Pemeriksaan Umum dan Konsultasi Pada UGD; Rp10.000 
2025-01-22;ita;547;Pamalayan;P;Rawat Jalan;Umum;Klinik Umum;Pemeriksaan Umum dan Konsultasi Pada Rawat Jalan; Rp8.000 
2025-01-22;faisal;548;Ciroyom;L;Rawat Jalan;Umum;Klinik Umum;Pemeriksaan Umum dan Konsultasi Pada Rawat Jalan; Rp8.000 
2025-01-22;;;;;;;;Pemeriksaan Laboratorium Rawat Jalan; Rp50.000 
2025-01-22;rika;550;Luar Wilayah;P;Rawat Jalan;Umum;Klinik Umum;Pemeriksaan Umum dan Konsultasi Pada Rawat Jalan; Rp8.000 
2025-01-22;wildan;551;Luar Wilayah;L;Rawat Jalan;BPJS;Klinik Umum;Pengujian Keuring; Rp10.000 
2025-01-22;nazia;552;Linggamanik;P;Rawat Inap;Umum;PONED;Pemeriksaan Umum dan Konsultasi Pada UGD; Rp10.000 
2025-01-22;;;;;;;;Pelayanan Persalinan; Rp1.000.000 
2025-01-22;tiara;554;Cikelet;P;Rawat Jalan;Umum;Klinik Umum;Pemeriksaan Umum dan Konsultasi Pada Rawat Jalan; Rp8.000 
2025-01-22;rizki;555;Luar Wilayah;L;Rawat Jalan;BPJS;Klinik Umum;Pengujian Keuring; Rp10.000 
2025-01-22;arsaka;556;Cijambe;L;Rawat Jalan;Umum;Klinik Umum;Pemeriksaan Umum dan Konsultasi Pada Rawat Jalan; Rp8.000 
2025-01-22;dino;557;Luar Wilayah;L;Rawat Jalan;Umum;Klinik Umum;Pemeriksaan Umum dan Konsultasi Pada Rawat Jalan; Rp8.000 
2025-01-22;nurma;558;Luar Wilayah;P;Rawat Jalan;Umum;UGD;Pemeriksaan Umum dan Konsultasi Pada UGD; Rp10.000 
2025-01-22;aroyan;559;Cijambe;L;Rawat Jalan;Umum;Klinik Umum;Pemeriksaan Umum dan Konsultasi Pada Rawat Jalan; Rp8.000 
2025-01-22;nana;560;Luar Wilayah;L;Rawat Jalan;Umum;Klinik Umum;Pemeriksaan Umum dan Konsultasi Pada Rawat Jalan; Rp8.000 
2025-01-22;fitri;561;Luar Wilayah;P;Rawat Jalan;Umum;Klinik KIA;Pemeriksaan Umum dan Konsultasi Pada Rawat Jalan; Rp8.000 
2025-01-22;;;;;;;;Pemeriksaan Laboratorium Rawat Jalan; Rp60.000 
2025-01-22;;;;;;;;Pemeriksaan KIA/USG; Rp50.000 
2025-01-22;dela;564;Cikelet;P;Rawat Jalan;Umum;Klinik KIA;Pemeriksaan Umum dan Konsultasi Pada Rawat Jalan; Rp8.000 
2025-01-22;;;;;;;;Pemeriksaan Laboratorium Rawat Jalan; Rp60.000 
2025-01-22;yudi;566;Luar Wilayah;L;Rawat Jalan;Umum;UGD;Pemeriksaan Umum dan Konsultasi Pada UGD; Rp10.000 
2025-01-22;sunandar;567;Luar Wilayah;L;Rawat Jalan;Umum;Klinik Umum;Pemeriksaan Umum dan Konsultasi Pada Rawat Jalan; Rp8.000 
2025-01-22;bilqis;568;Cijambe;P;Rawat Jalan;Umum;Klinik Umum;Pemeriksaan Umum dan Konsultasi Pada Rawat Jalan; Rp8.000 
2025-01-22;nurma;569;Luar Wilayah;P;Rawat Jalan;Umum;UGD;Tindakan Medik; Rp20.000 
2025-01-22;trila;570;Cijambe;P;Rawat Jalan;Umum;Klinik Umum;Pemeriksaan Umum dan Konsultasi Pada Rawat Jalan; Rp8.000 
2025-01-23;fahri;571;Cikelet;L;Rawat Jalan;Umum;UGD;Pemeriksaan Umum dan Konsultasi Pada UGD; Rp10.000 
2025-01-23;sultan;572;Cijambe;L;Rawat Jalan;Umum;UGD;Pemeriksaan Umum dan Konsultasi Pada UGD; Rp10.000 
2025-01-23;pebi;573;Cijambe;P;Rawat Jalan;Umum;UGD;Pemeriksaan Umum dan Konsultasi Pada UGD; Rp10.000 
2025-01-23;linda;574;Cikelet;P;Rawat Jalan;Umum;UGD;Pemeriksaan Umum dan Konsultasi Pada UGD; Rp10.000 
2025-01-23;;;;;;;;Tindakan Medik; Rp10.000 
2025-01-23;randi;576;Cikelet;L;Rawat Jalan;Umum;UGD;Pemeriksaan Umum dan Konsultasi Pada UGD; Rp10.000 
2025-01-23;iwan;577;Karangsari;L;Rawat Jalan;Umum;Klinik Umum;Pemeriksaan Umum dan Konsultasi Pada Rawat Jalan; Rp8.000 
2025-01-23;eka;578;Pamalayan;P;Rawat Jalan;Umum;Klinik Umum;Pemeriksaan Umum dan Konsultasi Pada Rawat Jalan; Rp8.000 
2025-01-23;supriatin;579;Luar Wilayah;L;Rawat Jalan;Umum;Klinik Umum;Pemeriksaan Umum dan Konsultasi Pada Rawat Jalan; Rp8.000 
2025-01-23;saidah;580;Cijambe;P;Rawat Jalan;Umum;Klinik Umum;Pemeriksaan Umum dan Konsultasi Pada Rawat Jalan; Rp8.000 
2025-01-23;melisa;581;Luar Wilayah;P;Rawat Jalan;Umum;Klinik Umum;Pemeriksaan Umum dan Konsultasi Pada Rawat Jalan; Rp8.000 
2025-01-23;azizah;582;Cikelet;P;Rawat Jalan;Umum;Klinik Umum;Pemeriksaan Umum dan Konsultasi Pada Rawat Jalan; Rp8.000 
2025-01-23;dewangga;583;Pamalayan;L;Rawat Jalan;Umum;Klinik Umum;Pemeriksaan Umum dan Konsultasi Pada Rawat Jalan; Rp8.000 
2025-01-23;ahmad;584;Luar Wilayah;L;Rawat Jalan;Umum;Klinik Umum;Pemeriksaan Umum dan Konsultasi Pada Rawat Jalan; Rp8.000 
2025-01-23;imas;585;Cijambe;P;Rawat Jalan;Umum;Klinik Umum;Pemeriksaan Umum dan Konsultasi Pada Rawat Jalan; Rp8.000 
2025-01-23;inda;586;Cikelet;P;Rawat Jalan;BPJS;Klinik KIA;Pemeriksaan KIA/USG; Rp50.000 
2025-01-23;ima ;587;Luar Wilayah;P;Rawat Jalan;Umum;Klinik Umum;Pemeriksaan Umum dan Konsultasi Pada Rawat Jalan; Rp8.000 
2025-01-23;ayu;588;Luar Wilayah;P;Rawat Jalan;Umum;Klinik Gigi;Pemeriksaan Umum dan Konsultasi Pada Rawat Jalan; Rp8.000 
2025-01-23;yadi;589;Cikelet;L;Rawat Jalan;Umum;Klinik Umum;Pemeriksaan Umum dan Konsultasi Pada Rawat Jalan; Rp8.000 
2025-01-23;bagas;590;Cikelet;L;Rawat Jalan;Umum;Klinik Umum;Pemeriksaan Umum dan Konsultasi Pada Rawat Jalan; Rp8.000 
2025-01-23;siti j;591;Cikelet;P;Rawat Jalan;Umum;Klinik Gigi;Pemeriksaan Umum dan Konsultasi Pada Rawat Jalan; Rp8.000 
2025-01-23;;;;;;;;Pemeriksaan Gigi & Mulut; Rp30.000 
2025-01-23;dati;593;Karangsari;P;Rawat Jalan;BPJS;Klinik KIA;Pemeriksaan KIA/USG; Rp50.000 
2025-01-24;azmi;594;Luar Wilayah;L;Rawat Jalan;Umum;Klinik Umum;Pemeriksaan Umum dan Konsultasi Pada Rawat Jalan; Rp8.000 
2025-01-24;m hanif;595;Cijambe;L;Rawat Jalan;Umum;Klinik Umum;Pemeriksaan Umum dan Konsultasi Pada Rawat Jalan; Rp8.000 
2025-01-24;kanaya;596;Cikelet;P;Rawat Jalan;Umum;Klinik Umum;Pemeriksaan Umum dan Konsultasi Pada Rawat Jalan; Rp8.000 
2025-01-24;syahila;597;Luar Wilayah;P;Rawat Jalan;Umum;UGD;Pemeriksaan Umum dan Konsultasi Pada UGD; Rp10.000 
2025-01-24;;;;;;;;Tindakan Medik; Rp50.000 
2025-01-24;;;;;;;;Penyediaan Obat dan BMHP Rawat Jalan; Rp15.000 
2025-01-24;dadang;600;Cijambe;L;Rawat Jalan;Umum;Klinik Umum;Pemeriksaan Umum dan Konsultasi Pada Rawat Jalan; Rp8.000 
2025-01-24;iim;601;Luar Wilayah;P;Rawat Jalan;Umum;Klinik Umum;Pemeriksaan Umum dan Konsultasi Pada Rawat Jalan; Rp8.000 
2025-01-24;;;;;;;;Pengujian Keuring; Rp10.000 
2025-01-24;azki;603;Cikelet;L;Rawat Jalan;Umum;Klinik Umum;Pemeriksaan Umum dan Konsultasi Pada Rawat Jalan; Rp8.000 
2025-01-24;;;;;;;;Pemeriksaan Laboratorium Rawat Jalan; Rp50.000 
2025-01-24;dewi;605;Linggamanik;P;Rawat Jalan;Umum;Klinik Umum;Pemeriksaan Umum dan Konsultasi Pada Rawat Jalan; Rp8.000 
2025-01-24;sri;606;Luar Wilayah;P;;Umum;UGD;Pemeriksaan Umum dan Konsultasi Pada UGD; Rp10.000 
2025-01-25;alisa;607;Cijambe;P;Rawat Jalan;Umum;Klinik Umum;Pemeriksaan Umum dan Konsultasi Pada Rawat Jalan; Rp8.000 
2025-01-25;hardiana;608;Luar Wilayah;L;Rawat Jalan;Umum;Klinik Umum;Pemeriksaan Umum dan Konsultasi Pada Rawat Jalan; Rp8.000 
2025-01-25;nisa;609;Luar Wilayah;P;Rawat Jalan;Umum;Klinik Umum;Pemeriksaan Umum dan Konsultasi Pada Rawat Jalan; Rp8.000 
2025-01-25;supardi;610;Luar Wilayah;L;Rawat Jalan;Umum;Klinik Umum;Pemeriksaan Umum dan Konsultasi Pada Rawat Jalan; Rp8.000 
2025-01-25;arsa;611;Luar Wilayah;L;Rawat Jalan;Umum;Klinik Umum;Pemeriksaan Umum dan Konsultasi Pada Rawat Jalan; Rp8.000 
2025-01-25;refa;612;Luar Wilayah;P;Rawat Jalan;Umum;Klinik Umum;Pemeriksaan Umum dan Konsultasi Pada Rawat Jalan; Rp8.000 
2025-01-25;     amelia;613;Cikelet;P;Rawat Jalan;Umum;Klinik Umum;Pemeriksaan Umum dan Konsultasi Pada Rawat Jalan; Rp8.000 
2025-01-25;euis;614;Cikelet;P;Rawat Jalan;Umum;Klinik Umum;Pemeriksaan Umum dan Konsultasi Pada Rawat Jalan; Rp8.000 
2025-01-25;emay;615;Cikelet;P;Rawat Jalan;Umum;Klinik Umum;Pemeriksaan Umum dan Konsultasi Pada Rawat Jalan; Rp8.000 
2025-01-25;ai irma;616;Luar Wilayah;P;Rawat Jalan;Umum;Klinik Umum;Pemeriksaan Umum dan Konsultasi Pada Rawat Jalan; Rp8.000 
2025-01-25;najma;617;Cijambe;P;Rawat Jalan;Umum;Klinik Umum;Pemeriksaan Umum dan Konsultasi Pada Rawat Jalan; Rp8.000 
2025-01-25;rival;618;Karangsari;L;Rawat Jalan;Umum;Klinik Umum;Pemeriksaan Umum dan Konsultasi Pada Rawat Jalan; Rp8.000 
2025-01-25;muhamad lutfi;619;Luar Wilayah;L;Rawat Jalan;Umum;Klinik Umum;Pemeriksaan Umum dan Konsultasi Pada Rawat Jalan; Rp8.000 
2025-01-25;delis;620;Cijambe;P;Rawat Jalan;Umum;Klinik Umum;Pemeriksaan Umum dan Konsultasi Pada Rawat Jalan; Rp8.000 
2025-01-25;;;;;;;;Pemeriksaan Laboratorium Rawat Jalan; Rp55.000 
2025-01-25;sakila;622;Cikelet;P;Rawat Jalan;Umum;Klinik Umum;Pemeriksaan Umum dan Konsultasi Pada Rawat Jalan; Rp8.000 
2025-01-25;salwa;623;Cikelet;P;Rawat Jalan;Umum;Klinik Umum;Pemeriksaan Umum dan Konsultasi Pada Rawat Jalan; Rp8.000 
2025-01-25;praba;624;Luar Wilayah;P;Rawat Jalan;Umum;Klinik Umum;Pemeriksaan Umum dan Konsultasi Pada Rawat Jalan; Rp8.000 
2025-01-25;dila;625;Luar Wilayah;P;Rawat Jalan;Umum;Klinik Umum;Pemeriksaan Umum dan Konsultasi Pada Rawat Jalan; Rp8.000 
2025-01-25;azki;626;Cikelet;L;Rawat Inap;Umum;Rawat Inap;Tindakan Medik; Rp95.000 
2025-01-25;;;;;;;;Pendapatan Pelayanan Rawat Inap Umum; Rp120.000 
2025-01-25;;;;;;;;Penyediaan Obat dan BMHP Rawat Inap; Rp185.000 
2025-01-25;arya;629;Luar Wilayah;L;Rawat Jalan;Umum;Klinik Umum;Pemeriksaan Umum dan Konsultasi Pada Rawat Jalan; Rp8.000 
2025-01-25;marisa;630;Luar Wilayah;P;Rawat Jalan;Umum;Klinik Umum;Pemeriksaan Umum dan Konsultasi Pada Rawat Jalan; Rp8.000 
2025-01-25;;;;;;;;Pemeriksaan Laboratorium Rawat Jalan; Rp50.000 
2025-01-25;rania;632;Luar Wilayah;P;Rawat Jalan;Umum;Klinik Umum;Pemeriksaan Umum dan Konsultasi Pada Rawat Jalan; Rp8.000 
2025-01-25;irvan;633;Cikelet;L;Rawat Jalan;Umum;UGD;Pemeriksaan Umum dan Konsultasi Pada UGD; Rp10.000 
2025-01-25;;;;;;;;Tindakan Medik; Rp85.000 
2025-01-25;;;;;;;;Penyediaan Obat dan BMHP Rawat Jalan; Rp40.000 
2025-01-25;sansan;636;Cikelet;L;Rawat Jalan;Umum;Klinik Umum;Pemeriksaan Umum dan Konsultasi Pada Rawat Jalan; Rp8.000 
2025-01-25;;;;;;;;Pengujian Keuring; Rp10.000 
2025-01-25;rian;638;Linggamanik;L;Rawat Jalan;Umum;Klinik Gigi;Pemeriksaan Umum dan Konsultasi Pada Rawat Jalan; Rp8.000 
2025-01-25;;;;;;;;Pemeriksaan Gigi & Mulut; Rp10.000 
2025-01-25;wini;640;Luar Wilayah;P;Rawat Jalan;Umum;Klinik Umum;Pemeriksaan Umum dan Konsultasi Pada Rawat Jalan; Rp8.000 
2025-01-25;;;;;;;;Pengujian Keuring; Rp10.000 
2025-01-25;hadsah;642;Cikelet;P;Rawat Jalan;Umum;Klinik Umum;Pemeriksaan Umum dan Konsultasi Pada Rawat Jalan; Rp8.000 
2025-01-25;ipah;643;Ciroyom;P;Rawat Jalan;Umum;UGD;Pemeriksaan Umum dan Konsultasi Pada UGD; Rp10.000 
2025-01-25;devandra;644;Tipar;L;Rawat Jalan;Umum;Klinik Umum;Pemeriksaan Umum dan Konsultasi Pada Rawat Jalan; Rp8.000 
2025-01-25;indriani;645;Luar Wilayah;P;Rawat Jalan;Umum;Klinik Umum;Pemeriksaan Umum dan Konsultasi Pada Rawat Jalan; Rp8.000 
2025-01-25;m. robi;646;Cikelet;L;Rawat Jalan;Umum;UGD;Pemeriksaan Umum dan Konsultasi Pada UGD; Rp10.000 
2025-01-25;;;;;;;;Tindakan Medik; Rp110.000 
2025-01-25;;;;;;;;Penyediaan Obat dan BMHP Rawat Jalan; Rp50.000 
2025-01-30;ali;649;Luar Wilayah;L;Rawat Jalan;Umum;UGD;Pemeriksaan Umum dan Konsultasi Pada UGD; Rp10.000 
2025-01-30;ai parida;650;Luar Wilayah;P;Rawat Jalan;Umum;UGD;Pemeriksaan Umum dan Konsultasi Pada UGD; Rp10.000 
2025-01-30;kartini;651;Luar Wilayah;P;Rawat Jalan;Umum;Klinik Umum;Pemeriksaan Umum dan Konsultasi Pada Rawat Jalan; Rp8.000 
2025-01-30;arul;652;Cikelet;L;Rawat Jalan;Umum;Klinik Umum;Pemeriksaan Umum dan Konsultasi Pada UGD; Rp10.000 
2025-01-30;siti mayu;653;Cikelet;P;Rawat Jalan;Umum;Klinik Umum;Pemeriksaan Umum dan Konsultasi Pada UGD; Rp10.000 
2025-01-30;imam;654;Cikelet;L;Rawat Jalan;Umum;Klinik Umum;Pemeriksaan Umum dan Konsultasi Pada UGD; Rp10.000 
2025-01-30;pikri;655;Cikelet;L;Rawat Jalan;Umum;Klinik Umum;Pemeriksaan Umum dan Konsultasi Pada UGD; Rp10.000 
2025-01-30;abdul;656;Cikelet;L;Rawat Jalan;Umum;Klinik Umum;Pemeriksaan Umum dan Konsultasi Pada UGD; Rp10.000 
2025-01-30;anjar;657;Cikelet;L;Rawat Jalan;Umum;Klinik Umum;Pemeriksaan Umum dan Konsultasi Pada UGD; Rp10.000 
2025-01-30;;;;;;;;Tindakan Medik; Rp30.000 
2025-01-30;;;;;;;;Penyediaan Obat dan BMHP Rawat Jalan; Rp10.000 
2025-01-30;ardi;660;Cikelet;L;Rawat Jalan;Umum;Klinik Umum;Pemeriksaan Umum dan Konsultasi Pada UGD; Rp10.000 
2025-01-30;ayana;661;Cikelet;P;Rawat Jalan;Umum;Klinik Umum;Pemeriksaan Umum dan Konsultasi Pada UGD; Rp10.000 
2025-01-30;aura;662;Cikelet;P;Rawat Jalan;Umum;Klinik Umum;Pemeriksaan Umum dan Konsultasi Pada UGD; Rp10.000 
2025-01-30;m robi;663;Cikelet;L;Rawat Jalan;Umum;Klinik Umum;Pemeriksaan Umum dan Konsultasi Pada UGD; Rp10.000 
2025-01-30;amara;664;Cikelet;P;Rawat Jalan;Umum;Klinik Umum;Pemeriksaan Umum dan Konsultasi Pada UGD; Rp10.000 
2025-01-30;dinda;665;Cikelet;P;Rawat Jalan;Umum;Klinik Umum;Pemeriksaan Umum dan Konsultasi Pada UGD; Rp10.000 
2025-01-30;abdi;666;Cikelet;L;Rawat Jalan;Umum;Klinik Umum;Pemeriksaan Umum dan Konsultasi Pada UGD; Rp10.000 
2025-01-30;ardi;667;Cikelet;L;Rawat Jalan;Umum;Klinik Umum;Pemeriksaan Umum dan Konsultasi Pada UGD; Rp10.000 
2025-01-30;sumirah;668;Cikelet;P;Rawat Jalan;Umum;Klinik Umum;Pemeriksaan Umum dan Konsultasi Pada UGD; Rp10.000 
2025-01-30;keysa;669;Cikelet;P;Rawat Jalan;Umum;Klinik Umum;Pemeriksaan Umum dan Konsultasi Pada UGD; Rp10.000 
2025-01-30;fahri;670;Awassagara;L;Rawat Jalan;Umum;Klinik Umum;Pemeriksaan Umum dan Konsultasi Pada Rawat Jalan; Rp8.000 
2025-01-30;entun;671;Cikelet;P;Rawat Jalan;Umum;Klinik Umum;Pemeriksaan Umum dan Konsultasi Pada UGD; Rp10.000 
2025-01-30;julhanan;672;Luar Wilayah;L;Rawat Jalan;Umum;Klinik Umum;Pemeriksaan Umum dan Konsultasi Pada Rawat Jalan; Rp8.000 
2025-01-30;muhamat robby;673;Cikelet;L;Rawat Jalan;Umum;Klinik Umum;Pemeriksaan Umum dan Konsultasi Pada UGD; Rp10.000 
2025-01-30;;;;;;;;Tindakan Medik; Rp10.000 
2025-01-30;tia;675;Pamalayan;L;Rawat Jalan;Umum;Klinik Umum;Pemeriksaan Umum dan Konsultasi Pada Rawat Jalan; Rp8.000 
2025-01-30;risma;676;Ciroyom;P;Rawat Jalan;Umum;Klinik Umum;Pemeriksaan Umum dan Konsultasi Pada Rawat Jalan; Rp8.000 
2025-01-30;mimin ;677;Cikelet;P;Rawat Jalan;Umum;Klinik Umum;Pemeriksaan Umum dan Konsultasi Pada Rawat Jalan; Rp8.000 
2025-01-30;rani;678;Cijambe;P;Rawat Jalan;Umum;Klinik Umum;Pemeriksaan Umum dan Konsultasi Pada Rawat Jalan; Rp8.000 
2025-01-30;estik;679;Luar Wilayah;P;Rawat Jalan;Umum;Klinik Gigi;Pemeriksaan Umum dan Konsultasi Pada Rawat Jalan; Rp8.000 
2025-01-30;;;;;;;;Pemeriksaan Gigi & Mulut; Rp100.000 
2025-01-30;hilma;681;Luar Wilayah;P;Rawat Jalan;Umum;Klinik Umum;Pemeriksaan Umum dan Konsultasi Pada Rawat Jalan; Rp8.000 
2025-01-30;m nizam;682;Luar Wilayah;L;Rawat Jalan;Umum;Klinik Umum;Pemeriksaan Umum dan Konsultasi Pada Rawat Jalan; Rp8.000 
2025-01-30;faizah;683;Cijambe;P;Rawat Jalan;Umum;Klinik Umum;Pemeriksaan Umum dan Konsultasi Pada Rawat Jalan; Rp8.000 
2025-01-30;sartika;684;Cikelet;P;Rawat Jalan;Umum;Klinik Umum;Pemeriksaan Umum dan Konsultasi Pada Rawat Jalan; Rp8.000 
2025-01-30;manah;685;Luar Wilayah;P;Rawat Jalan;Umum;Poli Lansia;Pemeriksaan Umum dan Konsultasi Pada Rawat Jalan; Rp8.000 
2025-01-30;zahrani;686;Linggamanik;P;Rawat Jalan;Umum;Klinik Gigi;Pemeriksaan Umum dan Konsultasi Pada Rawat Jalan; Rp8.000 
2025-01-30;sutisna;687;Luar Wilayah;L;Rawat Jalan;Umum;Klinik Umum;Pemeriksaan Umum dan Konsultasi Pada Rawat Jalan; Rp8.000 
2025-01-30;;;;;;;;Pemeriksaan Laboratorium Rawat Jalan; Rp25.000 
2025-01-30;shafa;689;Linggamanik;P;Rawat Jalan;Umum;Klinik Umum;Pemeriksaan Umum dan Konsultasi Pada Rawat Jalan; Rp8.000 
2025-01-30;erna;690;Cijambe;P;Rawat Jalan;Umum;Klinik Umum;Pemeriksaan Umum dan Konsultasi Pada Rawat Jalan; Rp8.000 
2025-01-30;holid;691;Cijambe;L;Rawat Jalan;Umum;Klinik Umum;Pemeriksaan Umum dan Konsultasi Pada Rawat Jalan; Rp8.000 
2025-01-30;winda;692;Luar Wilayah;P;Rawat Jalan;Umum;Klinik Umum;Pemeriksaan Umum dan Konsultasi Pada Rawat Jalan; Rp8.000 
2025-01-30;;;;;;;;Pengujian Keuring; Rp10.000 
2025-01-30;ririn;694;Luar Wilayah;P;Rawat Jalan;Umum;Klinik Umum;Pemeriksaan Umum dan Konsultasi Pada Rawat Jalan; Rp8.000 
2025-01-30;;;;;;;;Pengujian Keuring; Rp10.000 
2025-01-30;lentri;696;Tipar;P;Rawat Jalan;Umum;Klinik Umum;Pemeriksaan Umum dan Konsultasi Pada Rawat Jalan; Rp8.000 
2025-01-30;masriah;697;Luar Wilayah;P;Rawat Jalan;Umum;Klinik Umum;Pemeriksaan Umum dan Konsultasi Pada Rawat Jalan; Rp8.000 
2025-01-30;almera;698;Luar Wilayah;P;Rawat Jalan;Umum;Klinik Umum;Pemeriksaan Umum dan Konsultasi Pada Rawat Jalan; Rp8.000 
2025-01-30;deti;699;Luar Wilayah;P;Rawat Jalan;Umum;Klinik Umum;Pemeriksaan Umum dan Konsultasi Pada Rawat Jalan; Rp8.000 
2025-01-30;nurwahida;700;Luar Wilayah;P;Rawat Jalan;Umum;Klinik Umum;Pemeriksaan Umum dan Konsultasi Pada Rawat Jalan; Rp8.000 
2025-01-30;witri;701;Cijambe;P;Rawat Jalan;Umum;Klinik Umum;Pemeriksaan Umum dan Konsultasi Pada Rawat Jalan; Rp8.000 
2025-01-30;;;;;;;;Pengujian Keuring; Rp10.000 
2025-01-31;suhara;703;Luar Wilayah;L;Rawat Jalan;Umum;Klinik Umum;Pemeriksaan Umum dan Konsultasi Pada Rawat Jalan; Rp8.000 
2025-01-31;komaya;704;Luar Wilayah;P;Rawat Jalan;Umum;Klinik Umum;Pemeriksaan Umum dan Konsultasi Pada Rawat Jalan; Rp8.000 
2025-01-31;m hafiz;705;Luar Wilayah;L;Rawat Jalan;Umum;Klinik Umum;Pemeriksaan Umum dan Konsultasi Pada Rawat Jalan; Rp8.000 
2025-01-31;mimih;706;Luar Wilayah;P;Rawat Jalan;Umum;Klinik Umum;Pemeriksaan Umum dan Konsultasi Pada Rawat Jalan; Rp8.000 
2025-01-31;;;;;;;;Pemeriksaan Laboratorium Rawat Jalan; Rp55.000 
2025-01-31;herdian;708;Luar Wilayah;P;Rawat Jalan;Umum;Klinik Umum;Pemeriksaan Umum dan Konsultasi Pada Rawat Jalan; Rp8.000 
2025-01-31;rifki;709;Ciroyom;L;Rawat Jalan;Umum;Klinik Umum;Pemeriksaan Umum dan Konsultasi Pada Rawat Jalan; Rp8.000 
2025-01-31;sabila;710;Luar Wilayah;P;Rawat Jalan;Umum;Klinik Umum;Pemeriksaan Umum dan Konsultasi Pada Rawat Jalan; Rp8.000 
2025-01-31;nenti;711;Luar Wilayah;P;Rawat Jalan;Umum;Klinik KIA;Pemeriksaan Umum dan Konsultasi Pada Rawat Jalan; Rp8.000 
2025-01-31;;;;;;;;Pemeriksaan Laboratorium Rawat Jalan; Rp72.500 
2025-01-31;;;;;;;;Pemeriksaan KIA/USG; Rp50.000 
2025-01-31;aresha;714;Luar Wilayah;P;Rawat Jalan;Umum;Klinik Umum;Pemeriksaan Umum dan Konsultasi Pada Rawat Jalan; Rp8.000 
2025-01-31;mela;715;Luar Wilayah;P;Rawat Jalan;Umum;Klinik KIA;Pemeriksaan Umum dan Konsultasi Pada Rawat Jalan; Rp8.000 
2025-01-31;;;;;;;;Pemeriksaan KIA/USG; Rp50.000 
2025-01-31;n aisah;717;Luar Wilayah;P;Rawat Jalan;BPJS;Klinik Umum;Pengujian Keuring; Rp10.000 
2025-01-31;susi;718;Luar Wilayah;P;Rawat Jalan;Umum;Klinik KIA;Pemeriksaan Umum dan Konsultasi Pada Rawat Jalan; Rp8.000 
2025-01-31;;;;;;;;Pemeriksaan Laboratorium Rawat Jalan; Rp10.000 
2025-01-31;;;;;;;;Pemeriksaan KIA/USG; Rp50.000 
2025-01-31;mutahar dafa;721;Cikelet;L;Rawat Jalan;Umum;Klinik Umum;Pemeriksaan Umum dan Konsultasi Pada Rawat Jalan; Rp8.000 
2025-01-31;hana;722;Cijambe;P;Rawat Jalan;BPJS;Klinik KIA;Pemeriksaan KIA/USG; Rp50.000 
