﻿tanggal;nama_pasien;no_rekam_medik;alamat;jenis_kelamin;jenis_kunjungan;status_pasien;poli_tujuan;jenis_pelayanan;tarif_rp
2025-02-01;miftah;;Luar Wilayah;L;Rawat Jalan;Umum;Rawat Inap;Pemeriksaan Umum dan Konsultasi Pada UGD; Rp10.000 
2025-02-01;;;;;;;UGD;Tindakan Medik; Rp110.000 
2025-02-01;;;;;;;Rawat Inap;Pendapatan Pelayanan Rawat Inap Umum; Rp240.000 
2025-02-01;;;;;;;Farmasi;Penyediaan Obat dan BMHP Rawat Inap; Rp240.000 
2025-02-01;ai siti;;Cijambe;P;Rawat Jalan;Umum;UGD;Pemeriksaan Umum dan Konsultasi Pada UGD; Rp10.000 
2025-02-01;;;;;;;UGD;Tindakan Medik; Rp80.000 
2025-02-01;;;;;;;Laboratorium;Pemeriksaan Laboratorium PONED; Rp60.000 
2025-02-01;;;;;;;Farmasi;Penyediaan Obat dan BMHP PONED; Rp70.000 
2025-02-01;furi;;Cikelet;P;Rawat Inap;Umum;UGD;Pemeriksaan Umum dan Konsultasi Pada UGD; Rp10.000 
2025-02-01;;;;;;;UGD;Tindakan Medik; Rp35.000 
2025-02-01;;;;;;;Rawat Inap;Pendapatan Pelayanan Rawat Inap Umum; Rp120.000 
2025-02-01;;;;;;;Laboratorium;Pemeriksaan Laboratorium PONED; Rp60.000 
2025-02-01;;;;;;;Klinik KIA;Pemeriksaan KIA/USG; Rp50.000 
2025-02-01;;;;;;;PONED;Tindakan Kebidanan; Rp150.000 
2025-02-01;;;;;;;Farmasi;Penyediaan Obat dan BMHP PONED; Rp70.000 
2025-02-01;akmal;;Luar Wilayah;L;Rawat Jalan;Umum;Klinik Umum;Pengujian Keuring; Rp10.000 
2025-02-01;arsy;;Cikelet;P;Rawat Jalan;Umum;UGD;Pemeriksaan Umum dan Konsultasi Pada UGD; Rp10.000 
2025-02-01;;;;;;;UGD;Tindakan Medik; Rp5.000 
2025-02-01;;;;;;;Farmasi;Penyediaan Obat dan BMHP Rawat Jalan; Rp50.000 
2025-02-01;aleena;;Luar Wilayah;P;Rawat Jalan;Umum;Klinik Umum;Pemeriksaan Umum dan Konsultasi Pada Rawat Jalan; Rp8.000 
2025-02-01;irena;;Cijambe;P;Rawat Jalan;Umum;Klinik Umum;Pemeriksaan Umum dan Konsultasi Pada Rawat Jalan; Rp8.000 
2025-02-01;;;;;;;Laboratorium;Pemeriksaan Laboratorium Rawat Jalan; Rp85.000 
2025-02-01;irma;;Cikelet;P;Rawat Inap;Umum;UGD;Pemeriksaan Umum dan Konsultasi Pada UGD; Rp10.000 
2025-02-01;;;;;;;UGD;Tindakan Medik; Rp25.000 
2025-02-01;;;;;;;Rawat Inap;Pendapatan Pelayanan Rawat Inap Umum; Rp120.000 
2025-02-01;;;;;;;Farmasi;Penyediaan Obat dan BMHP Rawat Inap; Rp90.000 
2025-02-01;inara;;Cikelet;P;Rawat Inap;Umum;UGD;Pemeriksaan Umum dan Konsultasi Pada UGD; Rp10.000 
2025-02-01;;;;;;;UGD;Tindakan Medik; Rp20.000 
2025-02-01;;;;;;;Rawat Inap;Pendapatan Pelayanan Rawat Inap Umum; Rp120.000 
2025-02-01;;;;;;;Farmasi;Penyediaan Obat dan BMHP Rawat Inap; Rp80.000 
2025-02-01;defi;;Cikelet;P;Rawat Jalan;Umum;Klinik Umum;Pemeriksaan Umum dan Konsultasi Pada Rawat Jalan; Rp8.000 
2025-02-01;;;;;;;Klinik KIA;Pemeriksaan KIA/USG; Rp50.000 
2025-02-01;zahrani ;;Linggamanik;P;Rawat Jalan;Umum;Klinik Gigi;Pemeriksaan Gigi & Mulut; Rp8.000 
2025-02-01;m azka;;Luar Wilayah;L;Rawat Jalan;Umum;UGD;Pemeriksaan Umum dan Konsultasi Pada UGD; Rp10.000 
2025-02-01;;;;;;;UGD;Tindakan Medik; Rp55.000 
2025-02-01;fitra;;Luar Wilayah;P;Rawat Jalan;Umum;Klinik Umum;Pemeriksaan Umum dan Konsultasi Pada Rawat Jalan; Rp8.000 
2025-02-01;dede;;Luar Wilayah;L;Rawat Jalan;Umum;UGD;Pemeriksaan Umum dan Konsultasi Pada UGD; Rp10.000 
2025-02-01;;;;;;;UGD;Tindakan Medik; Rp10.000 
2025-02-01;rafa;;Luar Wilayah;L;Rawat Jalan;Umum;UGD;Pemeriksaan Umum dan Konsultasi Pada UGD; Rp10.000 
2025-02-01;;;;;;;UGD;Tindakan Medik; Rp10.000 
2025-02-01;restu;;Luar Wilayah;P;Rawat Jalan;Umum;UGD;Pemeriksaan Umum dan Konsultasi Pada UGD; Rp10.000 
2025-02-01;;;;;;;UGD;Tindakan Medik; Rp30.000 
2025-02-01;yandi;;Cikelet;L;Rawat Jalan;Umum;Klinik Umum;Pemeriksaan Umum dan Konsultasi Pada Rawat Jalan; Rp8.000 
2025-02-03;karto;;Luar Wilayah;L;Rawat Jalan;Umum;Klinik Umum;Pemeriksaan Umum dan Konsultasi Pada Rawat Jalan; Rp8.000 
2025-02-03;ardiansyah;;Cikelet;L;Rawat Jalan;Umum;UGD;Pemeriksaan Umum dan Konsultasi Pada UGD; Rp10.000 
2025-02-03;nurhayati;;Cikelet;P;Rawat Jalan;Umum;UGD;Pemeriksaan Umum dan Konsultasi Pada UGD; Rp10.000 
2025-02-03;rizki;;Cijambe;L;Rawat Jalan;Umum;UGD;Pemeriksaan Umum dan Konsultasi Pada UGD; Rp10.000 
2025-02-03;rayan;;Cijambe;L;Rawat Jalan;Umum;UGD;Pemeriksaan Umum dan Konsultasi Pada UGD; Rp10.000 
2025-02-03;devin;;Cijambe;L;Rawat Jalan;Umum;UGD;Pemeriksaan Umum dan Konsultasi Pada UGD; Rp10.000 
2025-02-03;;;;;;;UGD;Pemakaian Oksigen; Rp15.000 
2025-02-03;m rafi;;Cijambe;L;Rawat Jalan;Umum;UGD;Pemeriksaan Umum dan Konsultasi Pada UGD; Rp10.000 
2025-02-03;ragil;;Cijambe;L;Rawat Jalan;Umum;UGD;Pemeriksaan Umum dan Konsultasi Pada UGD; Rp10.000 
2025-02-03;riski;;Cijambe;L;Rawat Jalan;Umum;UGD;Pemeriksaan Umum dan Konsultasi Pada UGD; Rp10.000 
2025-02-03;sinta;;Pamalayan;P;Rawat Jalan;Umum;UGD;Pemeriksaan Umum dan Konsultasi Pada UGD; Rp10.000 
2025-02-03;;;;;;;UGD;Pemakaian Oksigen; Rp40.000 
2025-02-03;yati;;Luar Wilayah;P;Rawat Jalan;Umum;UGD;Pemeriksaan Umum dan Konsultasi Pada UGD; Rp10.000 
2025-02-03;m riski;;Cijambe;L;Rawat Jalan;Umum;UGD;Pemeriksaan Umum dan Konsultasi Pada UGD; Rp10.000 
2025-02-03;nurjanah;;Luar Wilayah;P;Rawat Jalan;Umum;Klinik Umum;Pemeriksaan Umum dan Konsultasi Pada Rawat Jalan; Rp8.000 
2025-02-03;undang;;Pamalayan;L;Rawat Jalan;Umum;Klinik Umum;Pemeriksaan Umum dan Konsultasi Pada Rawat Jalan; Rp8.000 
2025-02-03;adinda;;Pamalayan;P;Rawat Jalan;Umum;Klinik Umum;Pemeriksaan Umum dan Konsultasi Pada Rawat Jalan; Rp8.000 
2025-02-03;m robby;;Cikelet;L;Rawat Jalan;Umum;UGD;Pemeriksaan Umum dan Konsultasi Pada UGD; Rp10.000 
2025-02-03;;;;;;;UGD;Tindakan Medik; Rp20.000 
2025-02-03;titin;;Pamalayan;P;Rawat Jalan;Umum;Klinik Umum;Pemeriksaan Umum dan Konsultasi Pada Rawat Jalan; Rp8.000 
2025-02-03;;;;;;;Klinik Umum;Pengujian Keuring; Rp10.000 
2025-02-03;siti atilah;;Luar Wilayah;P;Rawat Jalan;BPJS;Klinik Umum;Pengujian Keuring; Rp10.000 
2025-02-03;indri;;Pamalayan;P;Rawat Jalan;Umum;Klinik Umum;Pemeriksaan Umum dan Konsultasi Pada Rawat Jalan; Rp8.000 
2025-02-03;trisna;;Cikelet;L;Rawat Jalan;BPJS;Klinik Umum;Pengujian Keuring; Rp10.000 
2025-02-03;nenden;;Luar Wilayah;P;Rawat Jalan;Umum;Klinik Umum;Pemeriksaan Umum dan Konsultasi Pada Rawat Jalan; Rp8.000 
2025-02-03;;;;;;;Klinik Umum;Pengujian Keuring; Rp10.000 
2025-02-03;qodariyah;;Cikelet;P;Rawat Jalan;Umum;Poli Lansia;Pemeriksaan Umum dan Konsultasi Pada Rawat Jalan; Rp8.000 
2025-02-03;windi;;Awassagara;P;Rawat Jalan;BPJS;Klinik KIA;Pemeriksaan KIA/USG; Rp50.000 
2025-02-03;m irsyad;;Cikelet;L;Rawat Jalan;Umum;Klinik Umum;Pemeriksaan Umum dan Konsultasi Pada Rawat Jalan; Rp8.000 
2025-02-03;gavi;;Cikelet;L;Rawat Jalan;Umum;Klinik Umum;Pemeriksaan Umum dan Konsultasi Pada Rawat Jalan; Rp8.000 
2025-02-03;m robi;;;;;;;Penyediaan Obat dan BMHP Rawat Jalan; Rp25.000 
2025-02-03;hilda;;Ciroyom;P;Rawat Jalan;BPJS;Klinik KIA;Pemeriksaan KIA/USG; Rp50.000 
2025-02-03;rohayati;;Linggamanik;P;Rawat Jalan;Umum;Klinik Umum;Pemeriksaan Umum dan Konsultasi Pada Rawat Jalan; Rp8.000 
2025-02-03;viki;;Luar Wilayah;L;Rawat Jalan;Umum;Klinik Umum;Pemeriksaan Umum dan Konsultasi Pada Rawat Jalan; Rp8.000 
2025-02-03;;;;;;;Klinik Gigi;Pemeriksaan Gigi & Mulut; Rp30.000 
2025-02-03;yuyun;;Cikelet;P;Rawat Jalan;BPJS;Klinik KIA;Pemeriksaan KIA/USG; Rp50.000 
2025-02-03;jamaludin;;Karangsari;L;Rawat Jalan;Umum;Klinik Umum;Pemeriksaan Umum dan Konsultasi Pada Rawat Jalan; Rp8.000 
2025-02-03;;;;;;;Klinik Umum;Pengujian Keuring; Rp10.000 
2025-02-03;ida;;Linggamanik;P;Rawat Jalan;Umum;Klinik Umum;Pemeriksaan Umum dan Konsultasi Pada Rawat Jalan; Rp8.000 
2025-02-03;;;;;;;Laboratorium;Pemeriksaan Laboratorium Rawat Jalan; Rp47.500 
2025-02-03;;;;;;;Klinik KIA;Pemeriksaan KIA/USG; Rp50.000 
2025-02-03;yudi;;Cikelet;L;Rawat Jalan;Umum;Klinik Gigi;Pemeriksaan Gigi & Mulut; Rp8.000 
2025-02-03;almira;;Cikelet;P;Rawat Inap;Umum;UGD;Pemeriksaan Umum dan Konsultasi Pada UGD; Rp10.000 
2025-02-03;;;;;;;UGD;Tindakan Medik; Rp55.000 
2025-02-03;;;;;;;Rawat Inap;Pendapatan Pelayanan Rawat Inap Umum; Rp120.000 
2025-02-03;;;;;;;Farmasi;Penyediaan Obat dan BMHP Rawat Inap; Rp65.000 
2025-02-03;mamah;;Cijambe;P;Rawat Jalan;Umum;Klinik Umum;Pemeriksaan Umum dan Konsultasi Pada Rawat Jalan; Rp8.000 
2025-02-03;yulianah;;Cikelet;P;Rawat Inap;BPJS;UGD;Pemeriksaan Umum dan Konsultasi Pada UGD; Rp10.000 
2025-02-03;putri dea;;Luar Wilayah;P;Rawat Jalan;Umum;Klinik Umum;Pemeriksaan Umum dan Konsultasi Pada Rawat Jalan; Rp8.000 
2025-02-03;euis;;Cikelet;P;Rawat Jalan;Umum;Klinik Umum;Pemeriksaan Umum dan Konsultasi Pada Rawat Jalan; Rp8.000 
2025-02-03;silvi;;Linggamanik;P;Rawat Jalan;Umum;Klinik Gigi;Pemeriksaan Umum dan Konsultasi Pada Rawat Jalan; Rp8.000 
2025-02-03;almira;;Cikelet;P;Rawat Jalan;Umum;Klinik Umum;Pemeriksaan Umum dan Konsultasi Pada Rawat Jalan; Rp8.000 
2025-02-03;mentari;;Luar Wilayah;P;Rawat Jalan;Umum;Klinik Umum;Pemeriksaan Umum dan Konsultasi Pada Rawat Jalan; Rp8.000 
2025-02-03;;;;;;;Klinik Gigi;Pemeriksaan Gigi & Mulut; Rp10.000 
2025-02-03;sunandar;;Luar Wilayah;L;Rawat Jalan;Umum;Klinik Umum;Pemeriksaan Umum dan Konsultasi Pada Rawat Jalan; Rp8.000 
2025-02-03;diki;;Awassagara;L;Rawat Jalan;Umum;Klinik Umum;Pemeriksaan Umum dan Konsultasi Pada Rawat Jalan; Rp8.000 
2025-02-03;;;;;;;Klinik Umum;Pengujian Keuring; Rp10.000 
2025-02-03;ratna;;Luar Wilayah;P;Rawat Jalan;Umum;Klinik Umum;Pemeriksaan Umum dan Konsultasi Pada Rawat Jalan; Rp8.000 
2025-02-03;;;;;;;;Pengujian Keuring; Rp10.000 
2025-02-03;iwan;;Luar Wilayah;L;Rawat Jalan;Umum;Klinik Umum;Pemeriksaan Umum dan Konsultasi Pada Rawat Jalan; Rp8.000 
2025-02-03;;;;;;;;Pengujian Keuring; Rp10.000 
2025-02-03;rahmat;;Luar Wilayah;L;Rawat Jalan;Umum;Klinik Umum;Pemeriksaan Umum dan Konsultasi Pada Rawat Jalan; Rp8.000 
2025-02-03;;;;;;;;Pengujian Keuring; Rp10.000 
2025-02-03;nurul;;Ciroyom;L;Rawat Jalan;Umum;Klinik Umum;Pemeriksaan Umum dan Konsultasi Pada Rawat Jalan; Rp8.000 
2025-02-03;;;;;;;;Pengujian Keuring; Rp10.000 
2025-02-03;dede;;Cikelet;P;Rawat Jalan;BPJS;Klinik Umum;Pengujian Keuring; Rp10.000 
2025-02-03;ade ismal;;Linggamanik;L;Rawat Jalan;Umum;Klinik Umum;Pemeriksaan Umum dan Konsultasi Pada Rawat Jalan; Rp8.000 
2025-02-03;;;;;;;;Pengujian Keuring; Rp10.000 
2025-02-03;imas;;Linggamanik;P;Rawat Jalan;BPJS;Klinik Umum;Pengujian Keuring; Rp10.000 
2025-02-03;rayfan;;Cijambe;L;Rawat Jalan;Umum;Klinik Umum;Pemeriksaan Umum dan Konsultasi Pada Rawat Jalan; Rp8.000 
2025-02-03;nuraeni;;Ciroyom;P;Rawat Jalan;Umum;Klinik Umum;Pemeriksaan Umum dan Konsultasi Pada Rawat Jalan; Rp8.000 
2025-02-04;kalisa;;Cikelet;P;Rawat Jalan;Umum;UGD;Pemeriksaan Umum dan Konsultasi Pada UGD; Rp10.000 
2025-02-04;dapid;;Cikelet;L;Rawat Jalan;Umum;Klinik Gigi;Pemeriksaan Umum dan Konsultasi Pada Rawat Jalan; Rp8.000 
2025-02-04;yadi;;Luar Wilayah;L;Rawat Jalan;Umum;Klinik Umum;Pemeriksaan Umum dan Konsultasi Pada Rawat Jalan; Rp8.000 
2025-02-04;alfija;;Cikelet;L;Rawat Jalan;Umum;Klinik Gigi;Pemeriksaan Umum dan Konsultasi Pada Rawat Jalan; Rp8.000 
2025-02-04;zahra;;Luar Wilayah;P;Rawat Jalan;Umum;Klinik Umum;Pemeriksaan Umum dan Konsultasi Pada Rawat Jalan; Rp8.000 
2025-02-04;nenden;;Linggamanik;P;Rawat Jalan;Umum;Klinik Umum;Pemeriksaan Umum dan Konsultasi Pada Rawat Jalan; Rp8.000 
2025-02-04;;;;;;;;Pengujian Keuring; Rp10.000 
2025-02-04;ali;;Tipar;L;Rawat Jalan;Umum;Klinik Umum;Pemeriksaan Umum dan Konsultasi Pada Rawat Jalan; Rp8.000 
2025-02-04;noviyanti;;Luar Wilayah;P;Rawat Jalan;Umum;Klinik KIA;Pemeriksaan Umum dan Konsultasi Pada Rawat Jalan; Rp8.000 
2025-02-04;;;;;;;;Pemeriksaan Laboratorium Rawat Jalan; Rp60.000 
2025-02-04;;;;;;;;Pemeriksaan KIA/KB/USG; Rp50.000 
2025-02-04;asep;;Pamalayan;L;Rawat Jalan;Umum;Klinik Gigi;Pemeriksaan Umum dan Konsultasi Pada Rawat Jalan; Rp8.000 
2025-02-04;sandi;;Luar Wilayah;L;Rawat Inap;BPJS;UGD;Pemeriksaan Umum dan Konsultasi Pada UGD; Rp10.000 
2025-02-04;iis;;Cikelet;P;Rawat Jalan;Umum;Klinik Umum;Pemeriksaan Umum dan Konsultasi Pada Rawat Jalan; Rp8.000 
2025-02-04;komala;;Luar Wilayah;P;Rawat Inap;BPJS;UGD;Pemeriksaan Umum dan Konsultasi Pada UGD; Rp10.000 
2025-02-04;nesah;;Cikelet;P;Rawat Jalan;Umum;Klinik Umum;Pemeriksaan Umum dan Konsultasi Pada Rawat Jalan; Rp8.000 
2025-02-04;hoerudin;;Luar Wilayah;L;Rawat Jalan;Umum;Klinik Umum;Pemeriksaan Umum dan Konsultasi Pada Rawat Jalan; Rp8.000 
2025-02-04;;;;;;;;Pengujian Keuring; Rp10.000 
2025-02-04;sahla;;Cijambe;P;Rawat Jalan;Umum;Klinik Umum;Pemeriksaan Umum dan Konsultasi Pada Rawat Jalan; Rp8.000 
2025-02-04;jajang;;Luar Wilayah;L;Rawat Jalan;Umum;Klinik Umum;Pemeriksaan Umum dan Konsultasi Pada Rawat Jalan; Rp8.000 
2025-02-04;reza;;Cikelet;L;Rawat Jalan;Umum;Klinik Umum;Pemeriksaan Umum dan Konsultasi Pada Rawat Jalan; Rp8.000 
2025-02-04;fathan;;Luar Wilayah;L;Rawat Jalan;Umum;Klinik Umum;Pemeriksaan Umum dan Konsultasi Pada Rawat Jalan; Rp8.000 
2025-02-04;cepti;;Cikelet;L;Rawat Jalan;Umum;Klinik Umum;Pemeriksaan Umum dan Konsultasi Pada Rawat Jalan; Rp8.000 
2025-02-04;;;;;;;;Pengujian Keuring; Rp10.000 
2025-02-04;susi;;Ciroyom;P;Rawat Jalan;Umum;Klinik KIA;Pemeriksaan Umum dan Konsultasi Pada Rawat Jalan; Rp8.000 
2025-02-04;;;;;;;;Pemeriksaan Laboratorium Rawat Jalan; Rp37.500 
2025-02-04;sherisa;;Cikelet;P;Rawat Jalan;Umum;Klinik Umum;Pemeriksaan Umum dan Konsultasi Pada Rawat Jalan; Rp8.000 
2025-02-04;hirmansyah;;Linggamanik;L;Rawat Jalan;Umum;Klinik Umum;Pemeriksaan Umum dan Konsultasi Pada Rawat Jalan; Rp8.000 
2025-02-04;;;;;;;;Pengujian Keuring; Rp10.000 
2025-02-04;hasbi;;Cikelet;L;Rawat Jalan;Umum;Klinik Umum;Pemeriksaan Umum dan Konsultasi Pada Rawat Jalan; Rp8.000 
2025-02-04;;;;;;;;Pengujian Keuring; Rp10.000 
2025-02-04;marsel;;Cikelet;L;Rawat Jalan;Umum;Klinik Gigi;Pemeriksaan Umum dan Konsultasi Pada Rawat Jalan; Rp8.000 
2025-02-04;hendi;;Luar Wilayah;L;Rawat Jalan;Umum;Klinik Umum;Pemeriksaan Umum dan Konsultasi Pada Rawat Jalan; Rp8.000 
2025-02-04;;;;;;;;Pengujian Keuring; Rp10.000 
2025-02-04;;;;;;;;Pemeriksaan Laboratorium Rawat Jalan; Rp35.000 
2025-02-04;wulandari;;Luar Wilayah;P;Rawat Jalan;Umum;Klinik Umum;Pemeriksaan Umum dan Konsultasi Pada Rawat Jalan; Rp8.000 
2025-02-04;;;;;;;;Tindakan Medik; Rp5.000 
2025-02-04;;;;;;;;Pengujian Keuring; Rp10.000 
2025-02-04;;;;;;;;Pemeriksaan Laboratorium Rawat Jalan; Rp35.000 
2025-02-04;ai memunah;;Luar Wilayah;P;Rawat Jalan;Umum;Klinik Umum;Pemeriksaan Umum dan Konsultasi Pada Rawat Jalan; Rp8.000 
2025-02-04;sri ningsih;;Pamalayan;P;Rawat Jalan;BPJS;Klinik Umum;Pengujian Keuring; Rp10.000 
2025-02-04;tasya;;Luar Wilayah;P;Rawat Jalan;Umum;Klinik Umum;Pemeriksaan Umum dan Konsultasi Pada Rawat Jalan; Rp8.000 
2025-02-04;dewi;;Pamalayan;P;Rawat Jalan;Umum;Klinik Umum;Pemeriksaan Umum dan Konsultasi Pada Rawat Jalan; Rp8.000 
2025-02-05;lisnawati;;Tipar;P;Rawat Jalan;Umum;Klinik Umum;Pemeriksaan Umum dan Konsultasi Pada Rawat Jalan; Rp8.000 
2025-02-05;dalisha;;Pamalayan;P;Rawat Jalan;Umum;Klinik Umum;Pemeriksaan Umum dan Konsultasi Pada Rawat Jalan; Rp8.000 
2025-02-05;ojo;;Luar Wilayah;L;Rawat Inap;BPJS;Rawat Inap;Pemeriksaan Umum dan Konsultasi Pada UGD; Rp10.000 
2025-02-05;erna;;Cikelet;P;Rawat Jalan;BPJS;Klinik Umum;Pengujian Keuring; Rp10.000 
2025-02-05;puspita;;Luar Wilayah;P;Rawat Jalan;Umum;Klinik Umum;Pemeriksaan Umum dan Konsultasi Pada Rawat Jalan; Rp8.000 
2025-02-05;nuraisyah;;Tipar;P;Rawat Jalan;Umum;Klinik KIA;Pemeriksaan Umum dan Konsultasi Pada Rawat Jalan; Rp8.000 
2025-02-05;;;;;;;;Pemeriksaan Laboratorium Rawat Jalan; Rp47.500 
2025-02-05;;;;;;;;Pemeriksaan KIA/KB/USG; Rp50.000 
2025-02-05;m alif;;Cikelet;L;Rawat Jalan;Umum;Klinik Umum;Pemeriksaan Umum dan Konsultasi Pada Rawat Jalan; Rp8.000 
2025-02-05;imas;;Luar Wilayah;P;Rawat Jalan;Umum;Klinik Umum;Pemeriksaan Umum dan Konsultasi Pada Rawat Jalan; Rp8.000 
2025-02-05;desatra;;Pamalayan;P;Rawat Jalan;Umum;Klinik Umum;Pemeriksaan Umum dan Konsultasi Pada Rawat Jalan; Rp8.000 
2025-02-05;widiawati;;Luar Wilayah;P;Rawat Jalan;Umum;Klinik KIA;Pemeriksaan Umum dan Konsultasi Pada Rawat Jalan; Rp8.000 
2025-02-05;;;;;;;;Pemeriksaan Laboratorium Rawat Jalan; Rp47.500 
2025-02-05;;;;;;;;Pemeriksaan KIA/KB/USG; Rp50.000 
2025-02-05;puput;;Luar Wilayah;P;Rawat Jalan;BPJS;Klinik KIA;Pemeriksaan KIA/KB/USG; Rp50.000 
2025-02-05;abdul syukur;;Luar Wilayah;L;Rawat Jalan;Umum;Klinik Umum;Pemeriksaan Umum dan Konsultasi Pada Rawat Jalan; Rp8.000 
2025-02-05;kalista;;Luar Wilayah;P;Rawat Jalan;Umum;Klinik Umum;Pemeriksaan Umum dan Konsultasi Pada Rawat Jalan; Rp8.000 
2025-02-05;rida;;Luar Wilayah;P;Rawat Jalan;Umum;Klinik Umum;Pemeriksaan Umum dan Konsultasi Pada Rawat Jalan; Rp8.000 
2025-02-05;sumartini;;Cikelet;P;Rawat Jalan;Umum;Klinik Umum;Pemeriksaan Umum dan Konsultasi Pada Rawat Jalan; Rp8.000 
2025-02-05;zaina;;Cijambe;P;Rawat Jalan;Umum;Klinik Umum;Pemeriksaan Umum dan Konsultasi Pada Rawat Jalan; Rp8.000 
2025-02-05;rusliah;;Cijambe;P;Rawat Jalan;Umum;Klinik Umum;Pemeriksaan Umum dan Konsultasi Pada Rawat Jalan; Rp8.000 
2025-02-05;ijah;;Cikelet;P;Rawat Jalan;Umum;Klinik Gigi;Pemeriksaan Umum dan Konsultasi Pada Rawat Jalan; Rp8.000 
2025-02-06;via;;Luar Wilayah;P;Rawat Jalan;Umum;Klinik Umum;Pemeriksaan Umum dan Konsultasi Pada Rawat Jalan; Rp8.000 
2025-02-06;acah;;Luar Wilayah;P;Rawat Jalan;Umum;Klinik Umum;Pemeriksaan Umum dan Konsultasi Pada Rawat Jalan; Rp8.000 
2025-02-06;endin;;Cikelet;L;Rawat Jalan;Umum;Poli Lansia;Pemeriksaan Umum dan Konsultasi Pada Rawat Jalan; Rp8.000 
2025-02-06;;;;;;;;Pemeriksaan Laboratorium Rawat Jalan; Rp30.000 
2025-02-06;satria;;Cijambe;L;Rawat Jalan;Umum;Klinik Umum;Pemeriksaan Umum dan Konsultasi Pada Rawat Jalan; Rp8.000 
2025-02-06;asti;;Cijambe;P;Rawat Jalan;Umum;Klinik Umum;Pemeriksaan Umum dan Konsultasi Pada Rawat Jalan; Rp8.000 
2025-02-06;ardan;;Cikelet;L;Rawat Jalan;Umum;Klinik Umum;Pemeriksaan Umum dan Konsultasi Pada Rawat Jalan; Rp8.000 
2025-02-06;;;;;;;;Pemeriksaan Laboratorium Rawat Jalan; Rp55.000 
2025-02-06;badrujaman;;Luar Wilayah;L;Rawat Jalan;Umum;Klinik Umum;Pemeriksaan Umum dan Konsultasi Pada Rawat Jalan; Rp8.000 
2025-02-06;;;;;;;;Pengujian Keuring; Rp10.000 
2025-02-06;haikal;;Cikelet;L;Rawat Jalan;Umum;Klinik Umum;Pemeriksaan Umum dan Konsultasi Pada Rawat Jalan; Rp8.000 
2025-02-06;raden;;Cikelet;L;Rawat Jalan;Umum;Klinik Umum;Pemeriksaan Umum dan Konsultasi Pada Rawat Jalan; Rp8.000 
2025-02-06;talita;;Luar Wilayah;P;Rawat Jalan;Umum;Klinik Umum;Pemeriksaan Umum dan Konsultasi Pada Rawat Jalan; Rp8.000 
2025-02-06;kaira;;Luar Wilayah;P;Rawat Jalan;Umum;Klinik Umum;Pemeriksaan Umum dan Konsultasi Pada Rawat Jalan; Rp8.000 
2025-02-06;alkaira;;Luar Wilayah;P;Rawat Jalan;Umum;Klinik Umum;Pemeriksaan Umum dan Konsultasi Pada Rawat Jalan; Rp8.000 
2025-02-06;kaka kaisa;;Luar Wilayah;P;Rawat Jalan;Umum;Klinik Umum;Pemeriksaan Umum dan Konsultasi Pada Rawat Jalan; Rp8.000 
2025-02-06;azizah;;Cikelet;P;Rawat Jalan;Umum;Klinik KIA;Pemeriksaan Umum dan Konsultasi Pada Rawat Jalan; Rp8.000 
2025-02-06;;;;;;;;Pemeriksaan Laboratorium Rawat Jalan; Rp10.000 
2025-02-06;abiyan;;Luar Wilayah;L;Rawat Jalan;Umum;Klinik Umum;Pemeriksaan Umum dan Konsultasi Pada Rawat Jalan; Rp8.000 
2025-02-06;hanifah;;Luar Wilayah;P;Rawat Jalan;Umum;Klinik Umum;Pemeriksaan Umum dan Konsultasi Pada Rawat Jalan; Rp8.000 
2025-02-06;yedi;;Awassagara;L;Rawat Jalan;BPJS;Klinik Umum;Pengujian Keuring; Rp10.000 
2025-02-06;dzaki;;Tipar;L;Rawat Jalan;Umum;Klinik Umum;Pemeriksaan Umum dan Konsultasi Pada Rawat Jalan; Rp8.000 
2025-02-06;nia;;Tipar;P;Rawat Jalan;Umum;Klinik Umum;Pemeriksaan Umum dan Konsultasi Pada Rawat Jalan; Rp8.000 
2025-02-06;;;;;;;;Pengujian Keuring; Rp10.000 
2025-02-06;saepuloh;;Awassagara;L;Rawat Jalan;Umum;Klinik Umum;Pemeriksaan Umum dan Konsultasi Pada Rawat Jalan; Rp8.000 
2025-02-06;maenah;;Cikelet;P;Rawat Jalan;Umum;Klinik Umum;Pemeriksaan Umum dan Konsultasi Pada Rawat Jalan; Rp8.000 
2025-02-06;hadsah;;Cikelet;P;Rawat Jalan;Umum;Klinik Umum;Pemeriksaan Umum dan Konsultasi Pada Rawat Jalan; Rp8.000 
2025-02-06;ugd;;;;;;UGD;Penyediaan Obat dan BMHP Rawat Jalan; Rp15.000 
2025-02-07;nimah;;Tipar;P;Rawat Jalan;Umum;Klinik Umum;Pemeriksaan Umum dan Konsultasi Pada Rawat Jalan; Rp8.000 
2025-02-07;sofwan;;Pamalayan;L;Rawat Jalan;Umum;Klinik Gigi;Pemeriksaan Umum dan Konsultasi Pada Rawat Jalan; Rp8.000 
2025-02-07;ratna;;Karangsari;P;Rawat Jalan;Umum;Klinik Umum;Pemeriksaan Umum dan Konsultasi Pada Rawat Jalan; Rp8.000 
2025-02-07;m hafiz;;Ciroyom;L;Rawat Jalan;Umum;Klinik Gigi;Pemeriksaan Umum dan Konsultasi Pada Rawat Jalan; Rp8.000 
2025-02-07;rukaenah;;Karangsari;L;Rawat Jalan;Umum;Klinik Umum;Pemeriksaan Umum dan Konsultasi Pada Rawat Jalan; Rp8.000 
2025-02-07;m ali;;Luar Wilayah;L;Rawat Jalan;Umum;Klinik Umum;Pemeriksaan Umum dan Konsultasi Pada Rawat Jalan; Rp8.000 
2025-02-07;neneng;;Luar Wilayah;P;Rawat Jalan;Umum;Klinik Umum;Pemeriksaan Umum dan Konsultasi Pada Rawat Jalan; Rp8.000 
2025-02-07;inawati;;Luar Wilayah;P;Rawat Jalan;Umum;Klinik Umum;Pemeriksaan Umum dan Konsultasi Pada Rawat Jalan; Rp8.000 
2025-02-07;algi;;Tipar;L;Rawat Jalan;Umum;Klinik Umum;Pemeriksaan Umum dan Konsultasi Pada Rawat Jalan; Rp8.000 
2025-02-07;dita;;Cikelet;P;Rawat Jalan;Umum;UGD;Pemeriksaan Umum dan Konsultasi Pada UGD; Rp10.000 
2025-02-07;;;;;;;;Tindakan Medik; Rp45.000 
2025-02-07;;;;;;;;Penyediaan Obat dan BMHP Rawat Jalan; Rp15.000 
2025-02-07;lilis;;Luar Wilayah;P;Rawat Jalan;Umum;Klinik Umum;Pemeriksaan Umum dan Konsultasi Pada Rawat Jalan; Rp8.000 
2025-02-07;m hajik;;Cikelet;L;Rawat Jalan;Umum;Klinik Umum;Pemeriksaan Umum dan Konsultasi Pada Rawat Jalan; Rp8.000 
2025-02-07;gita;;Luar Wilayah;P;Rawat Jalan;Umum;Klinik Umum;Pemeriksaan Umum dan Konsultasi Pada Rawat Jalan; Rp8.000 
2025-02-07;alfi;;Karangsari;P;Rawat Jalan;Umum;Klinik Umum;Pemeriksaan Umum dan Konsultasi Pada Rawat Jalan; Rp8.000 
2025-02-07;arhan;;Tipar;L;Rawat Jalan;Umum;Klinik Umum;Pemeriksaan Umum dan Konsultasi Pada Rawat Jalan; Rp8.000 
2025-02-07;sri dewi;;Pamalayan;P;Rawat Jalan;BPJS;Klinik KIA;Pemeriksaan KIA/KB/USG; Rp50.000 
2025-02-07;m hafiz;;;;;;;Pemeriksaan Gigi & Mulut; Rp50.000 
2025-02-08;vina;;Luar Wilayah;P;Rawat Jalan;Umum;Klinik Umum;Pemeriksaan Umum dan Konsultasi Pada Rawat Jalan; Rp8.000 
2025-02-08;regita;;Linggamanik;P;Rawat Jalan;Umum;Klinik Umum;Pemeriksaan Umum dan Konsultasi Pada Rawat Jalan; Rp8.000 
2025-02-08;azril;;Cikelet;L;Rawat Jalan;Umum;Klinik Umum;Pemeriksaan Umum dan Konsultasi Pada Rawat Jalan; Rp8.000 
2025-02-08;mimin;;Luar Wilayah;P;Rawat Inap;BPJS;Rawat Inap;Pemeriksaan Umum dan Konsultasi Pada UGD; Rp10.000 
2025-02-08;lina;;Cijambe;P;Rawat Jalan;Umum;Klinik Umum;Pemeriksaan Umum dan Konsultasi Pada Rawat Jalan; Rp8.000 
2025-02-08;dea;;Pamalayan;P;Rawat Jalan;Umum;Klinik Umum;Pemeriksaan Umum dan Konsultasi Pada Rawat Jalan; Rp8.000 
2025-02-08;nurmaningsih;;Luar Wilayah;P;Rawat Jalan;Umum;Klinik Umum;Pemeriksaan Umum dan Konsultasi Pada Rawat Jalan; Rp8.000 
2025-02-08;m rafael;;Cikelet;L;Rawat Jalan;Umum;Klinik Umum;Pemeriksaan Umum dan Konsultasi Pada Rawat Jalan; Rp8.000 
2025-02-08;fajar;;Luar Wilayah;L;Rawat Jalan;Umum;Klinik Umum;Pemeriksaan Umum dan Konsultasi Pada Rawat Jalan; Rp8.000 
2025-02-08;;;;;;;;Pengujian Keuring; Rp10.000 
2025-02-08;nurjanah;;Luar Wilayah;P;Rawat Jalan;Umum;Klinik Umum;Pemeriksaan Umum dan Konsultasi Pada Rawat Jalan; Rp8.000 
2025-02-08;;;;;;;;Pemeriksaan Laboratorium Rawat Jalan; Rp30.000 
2025-02-08;m restu;;Cikelet;P;Rawat Jalan;Umum;Klinik Umum;Pemeriksaan Umum dan Konsultasi Pada Rawat Jalan; Rp8.000 
2025-02-08;mira;;Luar Wilayah;P;Rawat Jalan;Umum;Klinik KIA;Pemeriksaan Umum dan Konsultasi Pada Rawat Jalan; Rp8.000 
2025-02-08;;;;;;;;Pemeriksaan Laboratorium Rawat Inap; Rp47.500 
2025-02-08;;;;;;;;Pemeriksaan KIA/KB/USG; Rp50.000 
2025-02-08;lilis;;Luar Wilayah;P;Rawat Jalan;Umum;Klinik Umum;Pemeriksaan Umum dan Konsultasi Pada Rawat Jalan; Rp8.000 
2025-02-08;aceng;;Cikelet;L;Rawat Jalan;Umum;Klinik Umum;Pemeriksaan Umum dan Konsultasi Pada Rawat Jalan; Rp8.000 
2025-02-08;rama;;Luar Wilayah;L;Rawat Jalan;Umum;Klinik Umum;Pemeriksaan Umum dan Konsultasi Pada Rawat Jalan; Rp8.000 
2025-02-10;siti;;Cikelet;P;Rawat Jalan;Umum;UGD;Pemeriksaan Umum dan Konsultasi Pada UGD; Rp10.000 
2025-02-10;;;;;;;;Tindakan Medik; Rp20.000 
2025-02-10;;;;;;;;Penyediaan Obat dan BMHP Rawat Jalan; Rp15.000 
2025-02-10;siti nurhayati;;Cikelet;P;Rawat Jalan;Umum;UGD;Pemeriksaan Umum dan Konsultasi Pada UGD; Rp10.000 
2025-02-10;obar;;Cikelet;L;Rawat Jalan;Umum;UGD;Pemeriksaan Umum dan Konsultasi Pada UGD; Rp10.000 
2025-02-10;;;;;;;;Tindakan Medik; Rp20.000 
2025-02-10;dirga;;Cikelet;L;Rawat Jalan;Umum;UGD;Pemeriksaan Umum dan Konsultasi Pada UGD; Rp10.000 
2025-02-10;rima;;Cikelet;P;Rawat Jalan;Umum;UGD;Pemeriksaan Umum dan Konsultasi Pada UGD; Rp10.000 
2025-02-10;sri;;Cikelet;P;Rawat Jalan;Umum;UGD;Pemeriksaan Umum dan Konsultasi Pada UGD; Rp10.000 
2025-02-10;naira;;Cikelet;P;Rawat Jalan;Umum;UGD;Pemeriksaan Umum dan Konsultasi Pada UGD; Rp10.000 
2025-02-10;sunandar;;Luar Wilayah;L;Rawat Jalan;Umum;Klinik Umum;Pemeriksaan Umum dan Konsultasi Pada Rawat Jalan; Rp8.000 
2025-02-10;anisah;;Pamalayan;P;Rawat Jalan;Umum;Klinik KIA;Pemeriksaan Umum dan Konsultasi Pada Rawat Jalan; Rp8.000 
2025-02-10;dias;;Cijambe;L;Rawat Jalan;Umum;Klinik Umum;Pemeriksaan Umum dan Konsultasi Pada Rawat Jalan; Rp8.000 
2025-02-10;fazril;;Pamalayan;L;Rawat Jalan;Umum;Klinik Umum;Pemeriksaan Umum dan Konsultasi Pada Rawat Jalan; Rp8.000 
2025-02-10;enung;;Luar Wilayah;P;Rawat Jalan;Umum;Klinik Umum;Pemeriksaan Umum dan Konsultasi Pada Rawat Jalan; Rp8.000 
2025-02-10;elvan;;Luar Wilayah;L;Rawat Jalan;Umum;Klinik Umum;Pemeriksaan Umum dan Konsultasi Pada Rawat Jalan; Rp8.000 
2025-02-10;azka;;Cikelet;L;Rawat Jalan;Umum;Klinik Umum;Pemeriksaan Umum dan Konsultasi Pada UGD; Rp10.000 
2025-02-10;risma;;Ciroyom;P;Rawat Jalan;Umum;Klinik Umum;Pemeriksaan Umum dan Konsultasi Pada Rawat Jalan; Rp8.000 
2025-02-10;sunandar;;;;;;;Pemeriksaan Laboratorium Rawat Jalan; Rp25.000 
2025-02-10;dewi;;Pamalayan;P;Rawat Jalan;Umum;Klinik Umum;Pemeriksaan Umum dan Konsultasi Pada Rawat Jalan; Rp8.000 
2025-02-10;asep jamaludin;;Cikelet;L;Rawat Jalan;Umum;Klinik Umum;Pemeriksaan Umum dan Konsultasi Pada Rawat Jalan; Rp8.000 
2025-02-10;azura;;Cikelet;P;Rawat Jalan;Umum;Klinik Umum;Pemeriksaan Umum dan Konsultasi Pada Rawat Jalan; Rp8.000 
2025-02-10;risa;;Ciroyom;P;Rawat Jalan;Umum;Klinik KIA;Pemeriksaan Umum dan Konsultasi Pada Rawat Jalan; Rp8.000 
2025-02-10;;;;;;;;Pemeriksaan KIA/KB/USG; Rp50.000 
2025-02-10;;;;;;;;Pemeriksaan Laboratorium Rawat Jalan; Rp72.500 
2025-02-10;hilyatul;;Cikelet;P;Rawat Jalan;Umum;Klinik Umum;Pemeriksaan Umum dan Konsultasi Pada Rawat Jalan; Rp8.000 
2025-02-10;nenk puspita;;Luar Wilayah;P;Rawat Jalan;Umum;Klinik Umum;Pemeriksaan Umum dan Konsultasi Pada Rawat Jalan; Rp8.000 
2025-02-10;alifa;;Cikelet;P;Rawat Jalan;Umum;Klinik Umum;Pemeriksaan Umum dan Konsultasi Pada Rawat Jalan; Rp8.000 
2025-02-10;nesya;;Luar Wilayah;P;Rawat Jalan;Umum;Klinik Umum;Pemeriksaan Umum dan Konsultasi Pada Rawat Jalan; Rp8.000 
2025-02-10;dea;;Cikelet;P;Rawat Jalan;Umum;Klinik Umum;Pemeriksaan Umum dan Konsultasi Pada Rawat Jalan; Rp8.000 
2025-02-10;widia;;Pamalayan;P;Rawat Jalan;Umum;Klinik KIA;Pemeriksaan Umum dan Konsultasi Pada Rawat Jalan; Rp8.000 
2025-02-10;susi;;Cikelet;P;Rawat Jalan;Umum;Klinik Umum;Pemeriksaan Umum dan Konsultasi Pada Rawat Jalan; Rp8.000 
2025-02-10;kunaepi;;Luar Wilayah;L;Rawat Jalan;Umum;Klinik Umum;Pemeriksaan Umum dan Konsultasi Pada Rawat Jalan; Rp8.000 
2025-02-10;rostika;;Luar Wilayah;P;Rawat Jalan;Umum;Klinik KIA;Pemeriksaan Umum dan Konsultasi Pada Rawat Jalan; Rp8.000 
2025-02-10;;;;;;;;Pemeriksaan Laboratorium Rawat Jalan; Rp72.500 
2025-02-10;yusti;;Linggamanik;P;Rawat Jalan;Umum;Klinik Umum;Pemeriksaan Umum dan Konsultasi Pada Rawat Jalan; Rp8.000 
2025-02-10;;;;;;;;Tindakan Medik; Rp5.000 
2025-02-10;;;;;;;;Pengujian Keuring; Rp10.000 
2025-02-10;;;;;;;;Pemeriksaan Laboratorium Rawat Jalan; Rp35.000 
2025-02-10;padilah;;Luar Wilayah;P;Rawat Jalan;Umum;Klinik KIA;Pemeriksaan Umum dan Konsultasi Pada Rawat Jalan; Rp8.000 
2025-02-10;;;;;;;;Pemeriksaan Laboratorium Rawat Jalan; Rp60.000 
2025-02-10;;;;;;;;Pemeriksaan KIA/KB/USG; Rp50.000 
2025-02-10;rizal;;Luar Wilayah;L;Rawat Jalan;Umum;Klinik Umum;Pemeriksaan Umum dan Konsultasi Pada Rawat Jalan; Rp8.000 
2025-02-10;;;;;;;;Pemeriksaan Laboratorium Rawat Jalan; Rp30.000 
2025-02-10;m fadlan;;Luar Wilayah;L;Rawat Jalan;Umum;Klinik Umum;Pemeriksaan Umum dan Konsultasi Pada Rawat Jalan; Rp8.000 
2025-02-10;ucu;;Cijambe;P;Rawat Jalan;Umum;Klinik Umum;Pemeriksaan Umum dan Konsultasi Pada Rawat Jalan; Rp8.000 
2025-02-10;mimar;;Cikelet;P;Rawat Jalan;Umum;Klinik Umum;Pemeriksaan Umum dan Konsultasi Pada Rawat Jalan; Rp8.000 
2025-02-10;nesya;;;;;;;Pemeriksaan Laboratorium Rawat Jalan; Rp10.000 
2025-02-11;ali zaenal;;Luar Wilayah;L;Rawat Jalan;Umum;Klinik Umum;Pemeriksaan Umum dan Konsultasi Pada Rawat Jalan; Rp8.000 
2025-02-11;rayanza;;Cikelet;L;Rawat Jalan;Umum;UGD;Pemeriksaan Umum dan Konsultasi Pada UGD; Rp10.000 
2025-02-11;silmi;;Cikelet;P;Rawat Jalan;Umum;UGD;Pemeriksaan Umum dan Konsultasi Pada UGD; Rp10.000 
2025-02-11;restu;;Cikelet;P;Rawat Jalan;Umum;UGD;Pemeriksaan Umum dan Konsultasi Pada UGD; Rp10.000 
2025-02-11;faiz;;Luar Wilayah;L;Rawat Jalan;Umum;Klinik Umum;Pemeriksaan Umum dan Konsultasi Pada Rawat Jalan; Rp8.000 
2025-02-11;alisa;;Luar Wilayah;P;Rawat Jalan;Umum;Klinik Umum;Pemeriksaan Umum dan Konsultasi Pada Rawat Jalan; Rp8.000 
2025-02-11;rohaeti;;Cijambe;P;Rawat Jalan;Umum;Klinik Umum;Pemeriksaan Umum dan Konsultasi Pada Rawat Jalan; Rp8.000 
2025-02-11;anggi;;Awassagara;L;Rawat Jalan;Umum;Klinik Umum;Pemeriksaan Umum dan Konsultasi Pada Rawat Jalan; Rp8.000 
2025-02-11;;;;;;;;Pengujian Keuring; Rp10.000 
2025-02-11;enung;;Cikelet;P;Rawat Jalan;Umum;Klinik Umum;Pemeriksaan Umum dan Konsultasi Pada Rawat Jalan; Rp8.000 
2025-02-11;aep;;Linggamanik;L;Rawat Jalan;Umum;Klinik Umum;Pemeriksaan Umum dan Konsultasi Pada Rawat Jalan; Rp8.000 
2025-02-11;kahel;;Tipar;L;Rawat Jalan;Umum;Klinik Umum;Pemeriksaan Umum dan Konsultasi Pada Rawat Jalan; Rp8.000 
2025-02-11;kenzi;;Linggamanik;L;Rawat Jalan;Umum;Klinik Umum;Pemeriksaan Umum dan Konsultasi Pada Rawat Jalan; Rp8.000 
2025-02-11;supartini;;Cikelet;P;Rawat Jalan;Umum;Klinik Umum;Pemeriksaan Umum dan Konsultasi Pada Rawat Jalan; Rp8.000 
2025-02-11;wardilah;;Ciroyom;P;Rawat Jalan;Umum;Klinik Umum;Pemeriksaan Umum dan Konsultasi Pada Rawat Jalan; Rp8.000 
2025-02-11;asep;;Pamalayan;L;Rawat Jalan;Umum;Klinik Gigi;Pemeriksaan Umum dan Konsultasi Pada Rawat Jalan; Rp8.000 
2025-02-11;;;;;;;;Pemeriksaan Gigi & Mulut; Rp100.000 
2025-02-11;ai rohimah;;Awassagara;P;Rawat Jalan;Umum;Klinik KIA;Pemeriksaan Umum dan Konsultasi Pada Rawat Jalan; Rp8.000 
2025-02-11;;;;;;;;Pemeriksaan Laboratorium Rawat Jalan; Rp72.500 
2025-02-11;sri putri;;Pamalayan;P;Rawat Jalan;Umum;Klinik KIA;Pemeriksaan Umum dan Konsultasi Pada Rawat Jalan; Rp8.000 
2025-02-11;;;;;;;;Pemeriksaan Laboratorium Rawat Jalan; Rp47.500 
2025-02-11;resta;;Ciroyom;L;Rawat Jalan;Umum;Klinik Umum;Pemeriksaan Umum dan Konsultasi Pada Rawat Jalan; Rp8.000 
2025-02-11;;;;;;;;Pengujian Keuring; Rp10.000 
2025-02-11;novia;;Cikelet;P;Rawat Inap;BPJS;PONED;Pelayanan Rujukan Pasien; Rp25.000 
2025-02-11;kenjay;;Pamalayan;L;Rawat Jalan;Umum;Klinik Umum;Pemeriksaan Umum dan Konsultasi Pada Rawat Jalan; Rp8.000 
2025-02-11;alia;;Cikelet;P;Rawat Jalan;Umum;Klinik Umum;Pemeriksaan Umum dan Konsultasi Pada Rawat Jalan; Rp8.000 
2025-02-11;ai sumiati;;Cikelet;P;Rawat Jalan;Umum;Klinik KIA;Pemeriksaan Umum dan Konsultasi Pada Rawat Jalan; Rp8.000 
2025-02-11;;;;;;;;Pemeriksaan Laboratorium Rawat Jalan; Rp47.500 
2025-02-11;m alfaisal;;Luar Wilayah;L;Rawat Jalan;Umum;Klinik Umum;Pemeriksaan Umum dan Konsultasi Pada Rawat Jalan; Rp8.000 
2025-02-11;azahra;;Cijambe;P;Rawat Jalan;Umum;Klinik Umum;Pemeriksaan Umum dan Konsultasi Pada Rawat Jalan; Rp8.000 
2025-02-11;farhan;;Cijambe;L;Rawat Jalan;Umum;Klinik Umum;Pemeriksaan Umum dan Konsultasi Pada Rawat Jalan; Rp8.000 
2025-02-11;sumali;;Luar Wilayah;L;Rawat Jalan;Umum;Klinik Umum;Pemeriksaan Umum dan Konsultasi Pada Rawat Jalan; Rp8.000 
2025-02-11;alvaro;;Luar Wilayah;L;Rawat Jalan;Umum;Klinik Umum;Pemeriksaan Umum dan Konsultasi Pada Rawat Jalan; Rp8.000 
2025-02-11;elim,;;Luar Wilayah;L;Rawat Jalan;Umum;Klinik Umum;Pemeriksaan Umum dan Konsultasi Pada Rawat Jalan; Rp8.000 
2025-02-11;yosep;;Cikelet;L;Rawat Jalan;Umum;Klinik Umum;Pemeriksaan Umum dan Konsultasi Pada Rawat Jalan; Rp8.000 
2025-02-12;zaki;;Cikelet;L;Rawat Jalan;Umum;Klinik Umum;Pemeriksaan Umum dan Konsultasi Pada Rawat Jalan; Rp8.000 
2025-02-12;andi;;Luar Wilayah;L;Rawat Jalan;BPJS;Klinik Umum;Pengujian Keuring; Rp10.000 
2025-02-12;azkia;;Luar Wilayah;P;Rawat Jalan;Umum;Klinik Gigi;Pemeriksaan Umum dan Konsultasi Pada Rawat Jalan; Rp8.000 
2025-02-12;marlin;;Cikelet;P;Rawat Inap;BPJS;Rawat Inap;Pemeriksaan Umum dan Konsultasi Pada UGD; Rp10.000 
2025-02-12;oom;;Luar Wilayah;P;Rawat Jalan;Umum;Klinik Umum;Pemeriksaan Umum dan Konsultasi Pada Rawat Jalan; Rp8.000 
2025-02-12;mauren;;Cikelet;P;Rawat Jalan;Umum;Klinik Umum;Pemeriksaan Umum dan Konsultasi Pada Rawat Jalan; Rp8.000 
2025-02-12;tita;;Luar Wilayah;P;Rawat Jalan;Umum;Klinik KIA;Pemeriksaan Umum dan Konsultasi Pada Rawat Jalan; Rp8.000 
2025-02-12;;;;;;;;Pemeriksaan Laboratorium Rawat Jalan; Rp60.000 
2025-02-12;akbar;;Cikelet;L;Rawat Jalan;Umum;Klinik Umum;Pemeriksaan Umum dan Konsultasi Pada Rawat Jalan; Rp8.000 
2025-02-12;m naza;;Cijambe;L;Rawat Jalan;Umum;Klinik Umum;Pemeriksaan Umum dan Konsultasi Pada Rawat Jalan; Rp8.000 
2025-02-12;santi;;Luar Wilayah;P;Rawat Jalan;Umum;Klinik KIA;Pemeriksaan Umum dan Konsultasi Pada Rawat Jalan; Rp8.000 
2025-02-12;;;;;;;;Pemeriksaan KIA/KB/USG; Rp50.000 
2025-02-12;;;;;;;;Pemeriksaan Laboratorium Rawat Jalan; Rp72.500 
2025-02-12;mutiara;;Tipar;P;Rawat Jalan;Umum;Klinik Umum;Pemeriksaan Umum dan Konsultasi Pada Rawat Jalan; Rp8.000 
2025-02-12;krisa;;Luar Wilayah;P;Rawat Jalan;Umum;Klinik Umum;Pemeriksaan Umum dan Konsultasi Pada Rawat Jalan; Rp8.000 
2025-02-12;;;;;;;;Pengujian Keuring; Rp10.000 
2025-02-12;leni;;Luar Wilayah;P;Rawat Jalan;Umum;Klinik Umum;Pemeriksaan Umum dan Konsultasi Pada Rawat Jalan; Rp8.000 
2025-02-12;;;;;;;;Pengujian Keuring; Rp10.000 
2025-02-12;diana;;Luar Wilayah;P;Rawat Jalan;Umum;Klinik Umum;Pemeriksaan Umum dan Konsultasi Pada Rawat Jalan; Rp8.000 
2025-02-12;gandi;;Cikelet;L;Rawat Jalan;Umum;Klinik Umum;Pemeriksaan Umum dan Konsultasi Pada Rawat Jalan; Rp8.000 
2025-02-12;;;;;;;;Pengujian Keuring; Rp10.000 
2025-02-12;hilpa;;Ciroyom;P;Rawat Jalan;BPJS;Klinik KIA;Pemeriksaan KIA/KB/USG; Rp50.000 
2025-02-12;siti fatimah;;Luar Wilayah;P;Rawat Jalan;Umum;Klinik Umum;Pemeriksaan Umum dan Konsultasi Pada Rawat Jalan; Rp8.000 
2025-02-12;gandi;;;;;;;Pemeriksaan Laboratorium Rawat Jalan; Rp25.000 
2025-02-13;indra;;Luar Wilayah;L;Rawat Jalan;Umum;UGD;Pemeriksaan Umum dan Konsultasi Pada UGD; Rp10.000 
2025-02-13;;;;;;;;Tindakan Medik; Rp50.000 
2025-02-13;;;;;;;;Penyediaan Obat dan BMHP Rawat Jalan; Rp30.000 
2025-02-13;mirza;;Luar Wilayah;L;Rawat Jalan;Umum;Klinik Umum;Pemeriksaan Umum dan Konsultasi Pada Rawat Jalan; Rp8.000 
2025-02-13;akmal;;Luar Wilayah;L;Rawat Jalan;Umum;Klinik Umum;Pemeriksaan Umum dan Konsultasi Pada Rawat Jalan; Rp8.000 
2025-02-13;jajang;;Luar Wilayah;L;Rawat Jalan;Umum;Poli Lansia;Pemeriksaan Umum dan Konsultasi Pada Rawat Jalan; Rp8.000 
2025-02-13;nenah;;Cijambe;P;Rawat Jalan;Umum;Klinik Umum;Pemeriksaan Umum dan Konsultasi Pada Rawat Jalan; Rp8.000 
2025-02-13;nazwa;;Luar Wilayah;P;Rawat Jalan;Umum;Klinik Umum;Pemeriksaan Umum dan Konsultasi Pada Rawat Jalan; Rp8.000 
2025-02-13;cinta;;Linggamanik;P;Rawat Jalan;Umum;Klinik KIA;Pemeriksaan Umum dan Konsultasi Pada Rawat Jalan; Rp8.000 
2025-02-13;;;;;;;;Pemeriksaan KIA/KB/USG; Rp25.000 
2025-02-13;siti dawiyah;;Linggamanik;P;Rawat Jalan;Umum;Klinik KIA;Pemeriksaan Umum dan Konsultasi Pada Rawat Jalan; Rp8.000 
2025-02-13;;;;;;;;Pemeriksaan KIA/KB/USG; Rp25.000 
2025-02-13;letari;;Linggamanik;P;Rawat Jalan;Umum;Klinik KIA;Pemeriksaan Umum dan Konsultasi Pada Rawat Jalan; Rp8.000 
2025-02-13;;;;;;;;Pemeriksaan KIA/KB/USG; Rp25.000 
2025-02-13;ropiah;;Linggamanik;P;Rawat Jalan;Umum;Klinik KIA;Pemeriksaan Umum dan Konsultasi Pada Rawat Jalan; Rp8.000 
2025-02-13;;;;;;;;Pemeriksaan KIA/KB/USG; Rp25.000 
2025-02-13;devi;;Linggamanik;P;Rawat Jalan;Umum;Klinik KIA;Pemeriksaan Umum dan Konsultasi Pada Rawat Jalan; Rp8.000 
2025-02-13;;;;;;;;Pemeriksaan KIA/KB/USG; Rp25.000 
2025-02-13;een;;Linggamanik;P;Rawat Jalan;Umum;Klinik KIA;Pemeriksaan Umum dan Konsultasi Pada Rawat Jalan; Rp8.000 
2025-02-13;;;;;;;;Pemeriksaan KIA/KB/USG; Rp25.000 
2025-02-13;iyah;;Luar Wilayah;P;Rawat Jalan;Umum;Klinik Umum;Pemeriksaan Umum dan Konsultasi Pada Rawat Jalan; Rp8.000 
2025-02-13;irnawati;;Linggamanik;P;Rawat Jalan;Umum;Klinik KIA;Pemeriksaan Umum dan Konsultasi Pada Rawat Jalan; Rp8.000 
2025-02-13;;;;;;;;Pemeriksaan KIA/KB/USG; Rp25.000 
2025-02-13;lilis;;Linggamanik;P;Rawat Jalan;Umum;Klinik KIA;Pemeriksaan Umum dan Konsultasi Pada Rawat Jalan; Rp8.000 
2025-02-13;;;;;;;;Pemeriksaan KIA/KB/USG; Rp25.000 
2025-02-13;lisna;;Linggamanik;P;Rawat Jalan;Umum;Klinik KIA;Pemeriksaan Umum dan Konsultasi Pada Rawat Jalan; Rp8.000 
2025-02-13;;;;;;;;Pemeriksaan KIA/KB/USG; Rp25.000 
2025-02-13;euis;;Linggamanik;P;Rawat Jalan;Umum;Klinik KIA;Pemeriksaan Umum dan Konsultasi Pada Rawat Jalan; Rp8.000 
2025-02-13;;;;;;;;Pemeriksaan KIA/KB/USG; Rp25.000 
2025-02-13;ade;;Linggamanik;P;Rawat Jalan;Umum;Klinik KIA;Pemeriksaan Umum dan Konsultasi Pada Rawat Jalan; Rp8.000 
2025-02-13;;;;;;;;Pemeriksaan KIA/KB/USG; Rp25.000 
2025-02-13;yuliani;;Linggamanik;P;Rawat Jalan;Umum;Klinik Umum;Pemeriksaan Umum dan Konsultasi Pada Rawat Jalan; Rp8.000 
2025-02-13;herni;;Linggamanik;P;Rawat Jalan;Umum;Klinik Umum;Pemeriksaan Umum dan Konsultasi Pada Rawat Jalan; Rp8.000 
2025-02-13;ai rismawati;;Linggamanik;P;Rawat Jalan;Umum;Klinik Umum;Pemeriksaan Umum dan Konsultasi Pada Rawat Jalan; Rp8.000 
2025-02-13;herni;;Linggamanik;P;Rawat Jalan;Umum;Klinik Umum;Pemeriksaan Umum dan Konsultasi Pada Rawat Jalan; Rp8.000 
2025-02-13;lilis;;Linggamanik;P;Rawat Jalan;Umum;Klinik Umum;Pemeriksaan Umum dan Konsultasi Pada Rawat Jalan; Rp8.000 
2025-02-13;nimah;;Linggamanik;P;Rawat Jalan;Umum;Klinik Umum;Pemeriksaan Umum dan Konsultasi Pada Rawat Jalan; Rp8.000 
2025-02-13;bunyamin;;Linggamanik;L;Rawat Jalan;Umum;Klinik Umum;Pemeriksaan Umum dan Konsultasi Pada Rawat Jalan; Rp8.000 
2025-02-13;siti masitoh;;Ciroyom;P;Rawat Jalan;Umum;Klinik KIA;Pemeriksaan Umum dan Konsultasi Pada Rawat Jalan; Rp8.000 
2025-02-13;;;;;;;;Pemeriksaan KIA/KB/USG; Rp25.000 
2025-02-13;marlina;;Ciroyom;P;Rawat Jalan;Umum;Klinik KIA;Pemeriksaan Umum dan Konsultasi Pada Rawat Jalan; Rp8.000 
2025-02-13;;;;;;;;Pemeriksaan KIA/KB/USG; Rp25.000 
2025-02-13;nuryanti;;Ciroyom;P;Rawat Jalan;Umum;Klinik KIA;Pemeriksaan Umum dan Konsultasi Pada Rawat Jalan; Rp8.000 
2025-02-13;;;;;;;;Pemeriksaan KIA/KB/USG; Rp25.000 
2025-02-13;rika;;Ciroyom;P;Rawat Jalan;Umum;Klinik KIA;Pemeriksaan Umum dan Konsultasi Pada Rawat Jalan; Rp8.000 
2025-02-13;;;;;;;;Pemeriksaan KIA/KB/USG; Rp25.000 
2025-02-13;yeni;;Ciroyom;P;Rawat Jalan;Umum;Klinik KIA;Pemeriksaan Umum dan Konsultasi Pada Rawat Jalan; Rp8.000 
2025-02-13;;;;;;;;Pemeriksaan KIA/KB/USG; Rp25.000 
2025-02-13;naila;;Ciroyom;P;Rawat Jalan;Umum;Klinik KIA;Pemeriksaan Umum dan Konsultasi Pada Rawat Jalan; Rp8.000 
2025-02-13;;;;;;;;Pemeriksaan KIA/KB/USG; Rp25.000 
2025-02-13;hilda;;Ciroyom;P;Rawat Jalan;Umum;Klinik KIA;Pemeriksaan Umum dan Konsultasi Pada Rawat Jalan; Rp8.000 
2025-02-13;;;;;;;;Pemeriksaan KIA/KB/USG; Rp25.000 
2025-02-13;leni;;Ciroyom;P;Rawat Jalan;Umum;Klinik KIA;Pemeriksaan Umum dan Konsultasi Pada Rawat Jalan; Rp8.000 
2025-02-13;;;;;;;;Pemeriksaan KIA/KB/USG; Rp25.000 
2025-02-13;ai wahyuni;;Ciroyom;P;Rawat Jalan;Umum;Klinik KIA;Pemeriksaan Umum dan Konsultasi Pada Rawat Jalan; Rp8.000 
2025-02-13;;;;;;;;Pemeriksaan KIA/KB/USG; Rp25.000 
2025-02-13;naseh;;Pamalayan;L;Rawat Jalan;Umum;Klinik Umum;Pemeriksaan Umum dan Konsultasi Pada Rawat Jalan; Rp8.000 
2025-02-13;armi;;Pamalayan;P;Rawat Jalan;Umum;Klinik Umum;Pemeriksaan Umum dan Konsultasi Pada Rawat Jalan; Rp8.000 
2025-02-13;rio;;Luar Wilayah;L;Rawat Jalan;Umum;UGD;Pemeriksaan Umum dan Konsultasi Pada UGD; Rp10.000 
2025-02-13;;;;;;;;Tindakan Medik; Rp25.000 
2025-02-13;sopiah;;Linggamanik;P;Rawat Jalan;Umum;Klinik Umum;Pemeriksaan Umum dan Konsultasi Pada Rawat Jalan; Rp8.000 
2025-02-13;irma;;Pamalayan;P;Rawat Jalan;Umum;Klinik Umum;Pemeriksaan Umum dan Konsultasi Pada Rawat Jalan; Rp8.000 
2025-02-13;repi;;Luar Wilayah;P;Rawat Jalan;Umum;Klinik Umum;Pemeriksaan Umum dan Konsultasi Pada Rawat Jalan; Rp8.000 
2025-02-13;ilis;;Ciroyom;P;Rawat Jalan;Umum;Klinik KIA;Pemeriksaan Umum dan Konsultasi Pada Rawat Jalan; Rp8.000 
2025-02-13;;;;;;;;Pemeriksaan KIA/KB/USG; Rp25.000 
2025-02-13;bayu;;Linggamanik;L;Rawat Jalan;Umum;Klinik Umum;Pemeriksaan Umum dan Konsultasi Pada Rawat Jalan; Rp8.000 
2025-02-13;andi;;Linggamanik;L;Rawat Jalan;Umum;Klinik Umum;Pemeriksaan Umum dan Konsultasi Pada Rawat Jalan; Rp8.000 
2025-02-13;al fatih;;Ciroyom;L;Rawat Jalan;Umum;Klinik Umum;Pemeriksaan Umum dan Konsultasi Pada Rawat Jalan; Rp8.000 
2025-02-13;septiani;;Awassagara;P;Rawat Jalan;Umum;Klinik Umum;Pemeriksaan Umum dan Konsultasi Pada Rawat Jalan; Rp8.000 
2025-02-13;aas;;Luar Wilayah;P;Rawat Jalan;Umum;Klinik KIA;Pemeriksaan Umum dan Konsultasi Pada Rawat Jalan; Rp8.000 
2025-02-13;;;;;;;;Pemeriksaan Laboratorium Rawat Jalan; Rp72.500 
2025-02-13;;;;;;;;Pemeriksaan KIA/KB/USG; Rp50.000 
2025-02-13;memo;;Cikelet;L;Rawat Jalan;Umum;Poli Lansia;Pemeriksaan Umum dan Konsultasi Pada Rawat Jalan; Rp8.000 
2025-02-13;dede sani;;Linggamanik;L;Rawat Jalan;Umum;Klinik Umum;Pemeriksaan Umum dan Konsultasi Pada Rawat Jalan; Rp8.000 
2025-02-13;;;;;;;;Pengujian Keuring; Rp10.000 
2025-02-13;den zema;;Cijambe;L;Rawat Jalan;Umum;Klinik Umum;Pemeriksaan Umum dan Konsultasi Pada Rawat Jalan; Rp8.000 
2025-02-14;salsa;;Luar Wilayah;P;Rawat Inap;Umum;Rawat Inap;Pemeriksaan Umum dan Konsultasi Pada UGD; Rp10.000 
2025-02-14;;;;;;;;Tindakan Medik; Rp105.000 
2025-02-14;;;;;;;;Pendapatan Pelayanan Rawat Inap Umum; Rp240.000 
2025-02-14;;;;;;;;Penyediaan Obat dan BMHP Rawat Inap; Rp195.000 
2025-02-14;atik;;Luar Wilayah;P;Rawat Jalan;Umum;Klinik Umum;Pemeriksaan Umum dan Konsultasi Pada Rawat Jalan; Rp8.000 
2025-02-14;perisa;;Luar Wilayah;L;Rawat Jalan;Umum;Klinik Umum;Pemeriksaan Umum dan Konsultasi Pada UGD; Rp10.000 
2025-02-14;;;;;;;;Pemeriksaan Visum Et Repertum; Rp90.000 
2025-02-14;jubaedah;;Luar Wilayah;P;Rawat Jalan;Umum;Klinik Umum;Pemeriksaan Umum dan Konsultasi Pada Rawat Jalan; Rp8.000 
2025-02-14;;;;;;;;Pemeriksaan Laboratorium Rawat Jalan; Rp30.000 
2025-02-14;arumi;;Luar Wilayah;P;Rawat Jalan;Umum;Klinik Umum;Pemeriksaan Umum dan Konsultasi Pada Rawat Jalan; Rp8.000 
2025-02-14;ageung;;Luar Wilayah;P;Rawat Jalan;Umum;Klinik Umum;Pemeriksaan Umum dan Konsultasi Pada Rawat Jalan; Rp8.000 
2025-02-14;;;;;;;;Pemeriksaan Laboratorium Rawat Jalan; Rp30.000 
2025-02-14;dudung;;Cikelet;L;Rawat Jalan;Umum;Klinik Umum;Pemeriksaan Umum dan Konsultasi Pada Rawat Jalan; Rp8.000 
2025-02-14;;;;;;;;Pengujian Keuring; Rp10.000 
2025-02-14;dian;;Ciroyom;L;Rawat Jalan;Umum;UGD;Pemeriksaan Umum dan Konsultasi Pada UGD; Rp10.000 
2025-02-14;;;;;;;;Tindakan Medik; Rp20.000 
2025-02-14;haifa;;Cijambe;P;Rawat Jalan;Umum;Klinik Umum;Pemeriksaan Umum dan Konsultasi Pada Rawat Jalan; Rp8.000 
2025-02-14;kartini;;Luar Wilayah;P;Rawat Jalan;Umum;Klinik Umum;Pemeriksaan Umum dan Konsultasi Pada Rawat Jalan; Rp8.000 
2025-02-14;eksa;;Luar Wilayah;L;Rawat Inap;BPJS;Rawat Inap;Pemeriksaan Umum dan Konsultasi Pada UGD; Rp10.000 
2025-02-14;deti;;Pamalayan;P;Rawat Jalan;BPJS;Klinik Umum;Pengujian Keuring; Rp10.000 
2025-02-14;vina;;Pamalayan;P;Rawat Jalan;Umum;Klinik Umum;Pemeriksaan Umum dan Konsultasi Pada Rawat Jalan; Rp8.000 
2025-02-14;;;;;;;;Pemeriksaan Laboratorium Rawat Jalan; Rp47.500 
2025-02-14;;;;;;;;Pemeriksaan KIA/KB/USG; Rp50.000 
2025-02-14;m rafi;;Cikelet;L;Rawat Jalan;Umum;Klinik Umum;Pemeriksaan Umum dan Konsultasi Pada Rawat Jalan; Rp8.000 
2025-02-14;;;;;;;;Pengujian Keuring; Rp10.000 
2025-02-14;siti rahma;;Luar Wilayah;P;Rawat Jalan;BPJS;Klinik Umum;Pemeriksaan Laboratorium Rawat Jalan; Rp35.000 
2025-02-14;;;;;;;;Tindakan Medik; Rp5.000 
2025-02-14;;;;;;;;Pengujian Keuring; Rp10.000 
2025-02-14;hebi;;Cikelet;L;Rawat Jalan;Umum;Klinik Umum;Pemeriksaan Umum dan Konsultasi Pada Rawat Jalan; Rp8.000 
2025-02-14;;;;;;;;Pengujian Keuring; Rp10.000 
2025-02-14;gelar;;Cikelet;L;Rawat Jalan;Umum;UGD;Pemeriksaan Umum dan Konsultasi Pada UGD; Rp10.000 
2025-02-14;;;;;;;;Tindakan Medik; Rp35.000 
2025-02-14;;;;;;;;Penyediaan Obat dan BMHP Rawat Jalan; Rp35.000 
2025-02-14;mutiara;;Luar Wilayah;P;Rawat Jalan;Umum;UGD;Pemeriksaan Umum dan Konsultasi Pada UGD; Rp10.000 
2025-02-14;;;;;;;;Tindakan Medik; Rp5.000 
2025-02-14;;;;;;;;Penyediaan Obat dan BMHP Rawat Jalan; Rp20.000 
2025-02-14;razka;;Luar Wilayah;L;Rawat Jalan;Umum;Klinik Umum;Pemeriksaan Umum dan Konsultasi Pada Rawat Jalan; Rp8.000 
2025-02-15;nurhasanah;;Karangsari;P;Rawat Jalan;Umum;Klinik Umum;Pemeriksaan Umum dan Konsultasi Pada Rawat Jalan; Rp8.000 
2025-02-15;maman;;Luar Wilayah;L;Rawat Jalan;Umum;Klinik Umum;Pemeriksaan Umum dan Konsultasi Pada Rawat Jalan; Rp8.000 
2025-02-15;a yakub;;Luar Wilayah;L;Rawat Jalan;Umum;UGD;Pemeriksaan Umum dan Konsultasi Pada UGD; Rp10.000 
2025-02-15;;;;;;;;Tindakan Medik; Rp10.000 
2025-02-15;anisa;;Cijambe;P;Rawat Jalan;Umum;Klinik Umum;Pemeriksaan Umum dan Konsultasi Pada Rawat Jalan; Rp8.000 
2025-02-15;tasya;;Luar Wilayah;P;Rawat Jalan;Umum;Klinik Umum;Pemeriksaan Umum dan Konsultasi Pada Rawat Jalan; Rp8.000 
2025-02-15;anisa;;Cijambe;L;Rawat Jalan;Umum;Klinik Umum;Pemeriksaan Umum dan Konsultasi Pada Rawat Jalan; Rp8.000 
2025-02-15;yani ;;Cikelet;P;Rawat Jalan;Umum;Klinik Umum;Pemeriksaan Umum dan Konsultasi Pada Rawat Jalan; Rp8.000 
2025-02-15;anindita;;Cikelet;P;Rawat Jalan;Umum;Klinik Umum;Pemeriksaan Umum dan Konsultasi Pada Rawat Jalan; Rp8.000 
2025-02-15;hanum;;Cikelet;P;Rawat Jalan;Umum;Klinik Umum;Pemeriksaan Umum dan Konsultasi Pada Rawat Jalan; Rp8.000 
2025-02-15;indra;;Cijambe;L;Rawat Jalan;Umum;UGD;Pemeriksaan Umum dan Konsultasi Pada UGD; Rp10.000 
2025-02-15;;;;;;;;Tindakan Medik; Rp10.000 
2025-02-15;arsil;;Luar Wilayah;L;Rawat Jalan;Umum;Klinik Umum;Pemeriksaan Umum dan Konsultasi Pada Rawat Jalan; Rp8.000 
2025-02-15;serli;;Luar Wilayah;P;Rawat Jalan;Umum;Klinik KIA;Pemeriksaan Umum dan Konsultasi Pada Rawat Jalan; Rp8.000 
2025-02-15;;;;;;;;Pemeriksaan Laboratorium Rawat Jalan; Rp60.000 
2025-02-15;siti hodijah;;Luar Wilayah;P;Rawat Jalan;Umum;UGD;Pemeriksaan Umum dan Konsultasi Pada UGD; Rp10.000 
2025-02-15;;;;;;;;Tindakan Medik; Rp50.000 
2025-02-15;masitoh;;Cikelet;P;Rawat Jalan;Umum;Poli Lansia;Pemeriksaan Umum dan Konsultasi Pada Rawat Jalan; Rp8.000 
2025-02-15;milea;;Pamalayan;P;Rawat Inap;Umum;UGD;Pemeriksaan Umum dan Konsultasi Pada UGD; Rp10.000 
2025-02-15;;;;;;;;Pemeriksaan Laboratorium Rawat Jalan; Rp50.000 
2025-02-17;niya;;Luar Wilayah;P;Rawat Jalan;Umum;Klinik Umum;Pemeriksaan Umum dan Konsultasi Pada Rawat Jalan; Rp8.000 
2025-02-17;irsad;;Luar Wilayah;L;Rawat Jalan;Umum;Klinik Umum;Pemeriksaan Umum dan Konsultasi Pada Rawat Jalan; Rp8.000 
2025-02-17;dadah;;Luar Wilayah;P;Rawat Jalan;Umum;Klinik Umum;Pemeriksaan Umum dan Konsultasi Pada Rawat Jalan; Rp8.000 
2025-02-17;hardian;;Pamalayan;L;Rawat Jalan;Umum;UGD;Pemeriksaan Umum dan Konsultasi Pada UGD; Rp10.000 
2025-02-17;rehan;;Luar Wilayah;L;Rawat Jalan;Umum;Klinik Umum;Pemeriksaan Umum dan Konsultasi Pada Rawat Jalan; Rp8.000 
2025-02-17;ilah;;Cikelet;P;Rawat Jalan;Umum;Klinik Umum;Pemeriksaan Umum dan Konsultasi Pada Rawat Jalan; Rp8.000 
2025-02-17;atik;;Luar Wilayah;P;Rawat Jalan;Umum;Klinik Umum;Pemeriksaan Umum dan Konsultasi Pada Rawat Jalan; Rp8.000 
2025-02-17;mira;;Ciroyom;P;Rawat Jalan;Umum;Klinik Umum;Pemeriksaan Umum dan Konsultasi Pada Rawat Jalan; Rp8.000 
2025-02-17;dewi;;Awassagara;P;Rawat Jalan;Umum;Klinik Umum;Penyediaan Obat dan BMHP Rawat Jalan; Rp15.000 
2025-02-17;aliyana;;Luar Wilayah;P;Rawat Jalan;Umum;Klinik Umum;Pemeriksaan Umum dan Konsultasi Pada Rawat Jalan; Rp8.000 
2025-02-17;;;;;;;;Pengujian Keuring; Rp15.000 
2025-02-17;oom;;Luar Wilayah;P;Rawat Jalan;Umum;Klinik Umum;Pemeriksaan Umum dan Konsultasi Pada Rawat Jalan; Rp8.000 
2025-02-17;naira;;Pamalayan;P;Rawat Inap;BPJS;Rawat Inap;Pemeriksaan Umum dan Konsultasi Pada UGD; Rp10.000 
2025-02-17;mimar;;Cikelet;P;Rawat Jalan;Umum;Klinik Umum;Pemeriksaan Umum dan Konsultasi Pada Rawat Jalan; Rp8.000 
2025-02-17;novya;;Luar Wilayah;P;Rawat Jalan;Umum;Klinik KIA;Pemeriksaan Umum dan Konsultasi Pada Rawat Jalan; Rp8.000 
2025-02-17;;;;;;;;Pemeriksaan Laboratorium Rawat Jalan; Rp47.500 
2025-02-17;albi;;Luar Wilayah;L;Rawat Jalan;Umum;UGD;Pemeriksaan Umum dan Konsultasi Pada UGD; Rp10.000 
2025-02-17;;;;;;;;Tindakan Medik; Rp30.000 
2025-02-17;ihah;;Cikelet;L;Rawat Jalan;Umum;Klinik Umum;Pemeriksaan Umum dan Konsultasi Pada Rawat Jalan; Rp8.000 
2025-02-17;azkia;;Pamalayan;P;Rawat Jalan;Umum;Klinik Umum;Pemeriksaan Umum dan Konsultasi Pada Rawat Jalan; Rp8.000 
2025-02-17;ani;;Cikelet;P;Rawat Jalan;Umum;Klinik Umum;Pemeriksaan Umum dan Konsultasi Pada Rawat Jalan; Rp8.000 
2025-02-17;dewi;;Karangsari;P;Rawat Inap;Umum;PONED;Pemeriksaan Umum dan Konsultasi Pada UGD; Rp10.000 
2025-02-17;;;;;;;;Pelayanan Persalinan; Rp1.000.000 
2025-02-17;imas;;Tipar;P;Rawat Jalan;Umum;Klinik Umum;Pemeriksaan Umum dan Konsultasi Pada Rawat Jalan; Rp8.000 
2025-02-17;mia;;Luar Wilayah;P;Rawat Jalan;Umum;Klinik Umum;Pemeriksaan Umum dan Konsultasi Pada Rawat Jalan; Rp8.000 
2025-02-17;rosa;;Tipar;P;Rawat Jalan;Umum;Klinik Umum;Pemeriksaan Umum dan Konsultasi Pada Rawat Jalan; Rp8.000 
2025-02-17;siti padilah;;Cijambe;P;Rawat Jalan;Umum;UGD;Pemeriksaan Umum dan Konsultasi Pada UGD; Rp10.000 
2025-02-17;;;;;;;;Tindakan Medik; Rp20.000 
2025-02-17;mahmudin;;Luar Wilayah;L;Rawat Jalan;Umum;Klinik Umum;Pemeriksaan Umum dan Konsultasi Pada Rawat Jalan; Rp8.000 
2025-02-17;salwa;;Pamalayan;P;Rawat Jalan;Umum;Klinik Umum;Pemeriksaan Umum dan Konsultasi Pada Rawat Jalan; Rp8.000 
2025-02-17;agus;;Luar Wilayah;L;Rawat Jalan;Umum;Klinik Umum;Pemeriksaan Umum dan Konsultasi Pada Rawat Jalan; Rp8.000 
2025-02-17;;;;;;;;Pemeriksaan Laboratorium Rawat Jalan; Rp30.000 
2025-02-17;gelar;;Pamalayan;L;Rawat Jalan;Umum;UGD;Pemeriksaan Umum dan Konsultasi Pada UGD; Rp10.000 
2025-02-17;;;;;;;;Tindakan Medik; Rp10.000 
2025-02-17;jajang;;Cikelet;L;Rawat Jalan;Umum;Klinik Umum;Pemeriksaan Umum dan Konsultasi Pada Rawat Jalan; Rp8.000 
2025-02-17;paisal;;Luar Wilayah;L;Rawat Jalan;Umum;Klinik Umum;Pemeriksaan Umum dan Konsultasi Pada Rawat Jalan; Rp8.000 
2025-02-17;nenk witri;;Luar Wilayah;P;Rawat Jalan;Umum;UGD;Pemeriksaan Umum dan Konsultasi Pada UGD; Rp10.000 
2025-02-17;;;;;;;;Tindakan Medik; Rp60.000 
2025-02-17;;;;;;;;Pendapatan Pelayanan Rawat Inap Umum; Rp60.000 
2025-02-17;;;;;;;;Penyediaan Obat dan BMHP Rawat Inap; Rp105.000 
2025-02-17;elsa;;Cikelet;P;Rawat Jalan;BPJS;Klinik Umum;Pengujian Keuring; Rp5.000 
2025-02-17;imas;;Cikelet;P;Rawat Jalan;Umum;Klinik Umum;Pemeriksaan Umum dan Konsultasi Pada Rawat Jalan; Rp8.000 
2025-02-18;rizki;;Cijambe;L;Rawat Jalan;Umum;UGD;Pemeriksaan Umum dan Konsultasi Pada UGD; Rp10.000 
2025-02-18;;;;;;;;Tindakan Medik; Rp35.000 
2025-02-18;;;;;;;;Penyediaan Obat dan BMHP Rawat Jalan; Rp25.000 
2025-02-18;oleh;;Cikelet;L;Rawat Jalan;Umum;UGD;Pemeriksaan Umum dan Konsultasi Pada UGD; Rp10.000 
2025-02-18;sipa;;Cikelet;P;Rawat Jalan;Umum;UGD;Pemeriksaan Umum dan Konsultasi Pada UGD; Rp10.000 
2025-02-18;gina;;Cijambe;P;Rawat Jalan;Umum;UGD;Pemeriksaan Umum dan Konsultasi Pada UGD; Rp10.000 
2025-02-18;emin;;Luar Wilayah;P;Rawat Jalan;Umum;UGD;Pemeriksaan Umum dan Konsultasi Pada UGD; Rp10.000 
2025-02-18;satimah;;Luar Wilayah;P;Rawat Jalan;Umum;Klinik Umum;Pemeriksaan Umum dan Konsultasi Pada Rawat Jalan; Rp8.000 
2025-02-18;ai rusmini;;Cikelet;P;Rawat Jalan;Umum;UGD;Pemeriksaan Umum dan Konsultasi Pada UGD; Rp10.000 
2025-02-18;husen;;Pamalayan;L;Rawat Jalan;Umum;Poli Lansia;Pemeriksaan Umum dan Konsultasi Pada Rawat Jalan; Rp8.000 
2025-02-18;maskanah;;Luar Wilayah;P;Rawat Jalan;Umum;Klinik Umum;Pemeriksaan Umum dan Konsultasi Pada Rawat Jalan; Rp8.000 
2025-02-18;lisna;;Luar Wilayah;P;Rawat Jalan;Umum;Klinik Umum;Pemeriksaan Umum dan Konsultasi Pada Rawat Jalan; Rp8.000 
2025-02-18;asep;;Luar Wilayah;L;Rawat Jalan;Umum;Klinik Umum;Pemeriksaan Umum dan Konsultasi Pada Rawat Jalan; Rp8.000 
2025-02-18;;;;;;;;Pemeriksaan Laboratorium Rawat Jalan; Rp55.000 
2025-02-18;ali;;Tipar;L;Rawat Jalan;Umum;Klinik Umum;Pemeriksaan Umum dan Konsultasi Pada Rawat Jalan; Rp8.000 
2025-02-18;sintawati;;Cikelet;P;Rawat Jalan;Umum;Klinik Umum;Pemeriksaan Umum dan Konsultasi Pada Rawat Jalan; Rp8.000 
2025-02-18;sariningsih;;Awassagara;P;Rawat Jalan;Umum;UGD;Pemeriksaan Umum dan Konsultasi Pada UGD; Rp10.000 
2025-02-18;;;;;;;;Tindakan Medik; Rp80.000 
2025-02-18;almira;;Pamalayan;P;Rawat Jalan;Umum;Klinik Umum;Pemeriksaan Umum dan Konsultasi Pada Rawat Jalan; Rp8.000 
2025-02-18;putri;;Luar Wilayah;P;Rawat Jalan;Umum;UGD;Pemeriksaan Umum dan Konsultasi Pada UGD; Rp10.000 
2025-02-18;;;;;;;;Tindakan Medik; Rp40.000 
2025-02-18;egi;;Cijambe;L;Rawat Jalan;Umum;Klinik Umum;Pemeriksaan Umum dan Konsultasi Pada Rawat Jalan; Rp8.000 
2025-02-18;syipA;;Ciroyom;P;Rawat Jalan;Umum;Klinik KIA;Pemeriksaan Umum dan Konsultasi Pada Rawat Jalan; Rp8.000 
2025-02-18;liysa;;Karangsari;P;Rawat Jalan;Umum;Klinik Umum;Pemeriksaan Umum dan Konsultasi Pada Rawat Jalan; Rp8.000 
2025-02-18;;;;;;;;Pemeriksaan Laboratorium Rawat Jalan; Rp25.000 
2025-02-18;tiara;;Cijambe;P;Rawat Jalan;Umum;Klinik Umum;Pemeriksaan Umum dan Konsultasi Pada Rawat Jalan; Rp8.000 
2025-02-18;jaenal;;Luar Wilayah;L;Rawat Jalan;BPJS;Klinik Umum;Pengujian Keuring; Rp10.000 
2025-02-18;anji;;Luar Wilayah;L;Rawat Jalan;Umum;UGD;Pemeriksaan Umum dan Konsultasi Pada UGD; Rp10.000 
2025-02-18;;;;;;;;Penyediaan Obat dan BMHP Rawat Jalan; Rp40.000 
2025-02-18; almira;;Cikelet;P;Rawat Jalan;Umum;Klinik Umum;Pemeriksaan Umum dan Konsultasi Pada Rawat Jalan; Rp8.000 
2025-02-18;almera;;Luar Wilayah;P;Rawat Jalan;Umum;Klinik Umum;Pemeriksaan Umum dan Konsultasi Pada Rawat Jalan; Rp8.000 
2025-02-18;noni;;Luar Wilayah;P;Rawat Jalan;Umum;Klinik Umum;Pemeriksaan Umum dan Konsultasi Pada Rawat Jalan; Rp8.000 
2025-02-19;kartrini;;Luar Wilayah;P;Rawat Jalan;Umum;Klinik Umum;Pemeriksaan Umum dan Konsultasi Pada Rawat Jalan; Rp8.000 
2025-02-19;jajang;;Cijambe;L;Rawat Jalan;Umum;UGD;Pemeriksaan Umum dan Konsultasi Pada UGD; Rp10.000 
2025-02-19;fahri;;Cijambe;L;Rawat Jalan;Umum;UGD;Pemeriksaan Umum dan Konsultasi Pada UGD; Rp10.000 
2025-02-19;nofi;;Luar Wilayah;P;Rawat Jalan;Umum;Klinik Umum;Pemeriksaan Umum dan Konsultasi Pada Rawat Jalan; Rp8.000 
2025-02-19;dadah;;Ciroyom;P;Rawat Jalan;Umum;Klinik Umum;Pemeriksaan Umum dan Konsultasi Pada Rawat Jalan; Rp8.000 
2025-02-19;umayah;;Cikelet;P;Rawat Jalan;Umum;Klinik Umum;Pemeriksaan Umum dan Konsultasi Pada Rawat Jalan; Rp8.000 
2025-02-19;syalvina;;Ciroyom;P;Rawat Jalan;Umum;Klinik Umum;Pemeriksaan Umum dan Konsultasi Pada Rawat Jalan; Rp8.000 
2025-02-19;malik;;Cikelet;L;Rawat Jalan;Umum;Klinik Umum;Pemeriksaan Umum dan Konsultasi Pada Rawat Jalan; Rp8.000 
2025-02-19;sajuri;;Luar Wilayah;L;Rawat Inap;BPJS;Rawat Inap;Pemeriksaan Umum dan Konsultasi Pada UGD; Rp10.000 
2025-02-19; salsa;;Cijambe;P;Rawat Jalan;Umum;Klinik Umum;Pemeriksaan Umum dan Konsultasi Pada Rawat Jalan; Rp8.000 
2025-02-19;imas;;Luar Wilayah;P;Rawat Inap;Umum;Rawat Inap;Pemeriksaan Umum dan Konsultasi Pada UGD; Rp10.000 
2025-02-19;;;;;;;;Tindakan Medik; Rp90.000 
2025-02-19;;;;;;;;Pendapatan Pelayanan Rawat Inap Umum; Rp240.000 
2025-02-19;;;;;;;;Pemeriksaan Laboratorium Rawat Inap; Rp60.000 
2025-02-19;;;;;;;;Penyediaan Obat dan BMHP Rawat Inap; Rp195.000 
2025-02-19;milea;;Pamalayan;P;Rawat Inap;Umum;Rawat Inap;Pemeriksaan Umum dan Konsultasi Pada UGD; Rp10.000 
2025-02-19;;;;;;;;Tindakan Medik; Rp20.000 
2025-02-19;;;;;;;;Pendapatan Pelayanan Rawat Inap Umum; Rp60.000 
2025-02-19;;;;;;;;Penyediaan Obat dan BMHP Rawat Inap; Rp55.000 
2025-02-19;kuenza;;Cijambe;P;Rawat Jalan;Umum;Klinik Umum;Pemeriksaan Umum dan Konsultasi Pada Rawat Jalan; Rp8.000 
2025-02-19;delvi;;Cikelet;L;Rawat Jalan;Umum;;Pemeriksaan Umum dan Konsultasi Pada Rawat Jalan; Rp8.000 
2025-02-19;gandi;;Cikelet;L;Rawat Jalan;Umum;Klinik Umum;Pengujian Keuring; Rp10.000 
2025-02-19;ayera;;Cijambe;P;Rawat Jalan;Umum;Klinik Umum;Pemeriksaan Umum dan Konsultasi Pada Rawat Jalan; Rp8.000 
2025-02-20;fitri;;Luar Wilayah;P;Rawat Jalan;Umum;UGD;Pemeriksaan Umum dan Konsultasi Pada UGD; Rp10.000 
2025-02-20;;;;;;;;Pemeriksaan Visum Et Repertum; Rp100.000 
2025-02-20;fahmi;;Luar Wilayah;L;Rawat Jalan;Umum;Klinik Umum;Pemeriksaan Umum dan Konsultasi Pada Rawat Jalan; Rp8.000 
2025-02-20;eva;;Awassagara;P;Rawat Jalan;Umum;Klinik KIA;Pemeriksaan Umum dan Konsultasi Pada Rawat Jalan; Rp8.000 
2025-02-20;rahmi;;Linggamanik;P;Rawat Jalan;Umum;Klinik Umum;Pemeriksaan Umum dan Konsultasi Pada Rawat Jalan; Rp8.000 
2025-02-20;rahadian;;Linggamanik;L;Rawat Jalan;Umum;Klinik Umum;Pemeriksaan Umum dan Konsultasi Pada Rawat Jalan; Rp8.000 
2025-02-20;sesep;;Luar Wilayah;L;Rawat Inap;Umum;Rawat Inap;Pemeriksaan Umum dan Konsultasi Pada UGD; Rp10.000 
2025-02-20;genziye;;Cijambe;P;Rawat Jalan;Umum;Klinik Umum;Pemeriksaan Umum dan Konsultasi Pada Rawat Jalan; Rp8.000 
2025-02-20;nurul huda;;Pamalayan;P;Rawat Jalan;Umum;Klinik KIA;Pemeriksaan Umum dan Konsultasi Pada Rawat Jalan; Rp8.000 
2025-02-20;;;;;;;;Pemeriksaan Laboratorium Rawat Jalan; Rp72.500 
2025-02-20;;;;;;;;Pemeriksaan KIA/KB/USG; Rp50.000 
2025-02-20;putri;;Cijambe;P;Rawat Jalan;Umum;Klinik Umum;Pemeriksaan Umum dan Konsultasi Pada Rawat Jalan; Rp8.000 
2025-02-20;reni;;Cijambe;L;Rawat Jalan;Umum;Klinik Umum;Pemeriksaan Umum dan Konsultasi Pada Rawat Jalan; Rp8.000 
2025-02-20;amelia;;Cijambe;P;Rawat Jalan;Umum;Klinik Umum;Pemeriksaan Umum dan Konsultasi Pada Rawat Jalan; Rp8.000 
2025-02-20;dea;;Pamalayan;P;Rawat Jalan;BPJS;Klinik Umum;Pengujian Keuring; Rp20.000 
2025-02-20;sahila;;Cijambe;P;Rawat Jalan;Umum;Klinik Umum;Pemeriksaan Umum dan Konsultasi Pada Rawat Jalan; Rp8.000 
2025-02-20;salsa;;Luar Wilayah;P;Rawat Jalan;Umum;Klinik Umum;Pemeriksaan Umum dan Konsultasi Pada Rawat Jalan; Rp8.000 
2025-02-21;arkan;;Luar Wilayah;L;Rawat Jalan;Umum;Klinik Gigi;Pemeriksaan Umum dan Konsultasi Pada Rawat Jalan; Rp8.000 
2025-02-21;;;;;;;;Pemeriksaan Gigi & Mulut; Rp50.000 
2025-02-21;sariningsih;;Luar Wilayah;P;Rawat Jalan;Umum;UGD;Pemeriksaan Umum dan Konsultasi Pada UGD; Rp10.000 
2025-02-21;;;;;;;;Tindakan Medik; Rp10.000 
2025-02-21;ai mega;;Luar Wilayah;P;Rawat Inap;BPJS;Rawat Inap;Pemeriksaan Umum dan Konsultasi Pada UGD; Rp10.000 
2025-02-21;puja;;Pamalayan;L;Rawat Jalan;Umum;Klinik Umum;Pemeriksaan Umum dan Konsultasi Pada Rawat Jalan; Rp8.000 
2025-02-21;;;;;;;;Pengujian Keuring; Rp10.000 
2025-02-21;m albi;;Luar Wilayah;L;Rawat Jalan;Umum;UGD;Pemeriksaan Umum dan Konsultasi Pada UGD; Rp10.000 
2025-02-21;;;;;;;;Tindakan Medik; Rp10.000 
2025-02-21;azura;;Cikelet;L;Rawat Jalan;Umum;Klinik Umum;Pemeriksaan Umum dan Konsultasi Pada Rawat Jalan; Rp8.000 
2025-02-21;elsa;;Luar Wilayah;P;Rawat Jalan;Umum;Klinik Umum;Pemeriksaan Umum dan Konsultasi Pada Rawat Jalan; Rp8.000 
2025-02-21;yuyun;;Luar Wilayah;P;Rawat Jalan;Umum;Klinik Umum;Pemeriksaan Umum dan Konsultasi Pada Rawat Jalan; Rp8.000 
2025-02-21;amelia;;Cijambe;P;Rawat Jalan;Umum;Klinik Umum;Pemeriksaan Umum dan Konsultasi Pada Rawat Jalan; Rp8.000 
2025-02-21;resa;;Luar Wilayah;L;Rawat Jalan;Umum;Klinik Gigi;Pemeriksaan Umum dan Konsultasi Pada Rawat Jalan; Rp8.000 
2025-02-21;reza;;Luar Wilayah;L;Rawat Jalan;Umum;Klinik Gigi;Pemeriksaan Umum dan Konsultasi Pada Rawat Jalan; Rp8.000 
2025-02-21;masriah;;Luar Wilayah;P;Rawat Jalan;Umum;Klinik Umum;Pemeriksaan Umum dan Konsultasi Pada Rawat Jalan; Rp8.000 
2025-02-21;lilis;;Luar Wilayah;P;Rawat Jalan;Umum;Klinik Umum;Pemeriksaan Umum dan Konsultasi Pada Rawat Jalan; Rp8.000 
2025-02-21;jandi;;Luar Wilayah;L;Rawat Jalan;Umum;Klinik Gigi;Pemeriksaan Umum dan Konsultasi Pada Rawat Jalan; Rp8.000 
2025-02-21;rifhansyah;;Cijambe;L;Rawat Jalan;Umum;Klinik Umum;Pengujian Keuring; Rp10.000 
2025-02-21;komariah;;Luar Wilayah;P;Rawat Jalan;Umum;Klinik Umum;Pemeriksaan Umum dan Konsultasi Pada Rawat Jalan; Rp8.000 
2025-02-21;;;;;;;;Pemeriksaan Laboratorium Rawat Jalan; Rp30.000 
2025-02-21;irwan;;Luar Wilayah;L;Rawat Jalan;Umum;Klinik Umum;Pemeriksaan Umum dan Konsultasi Pada Rawat Jalan; Rp8.000 
2025-02-21;;;;;;;;Pengujian Keuring; Rp5.000 
2025-02-21;nova;;Cikelet;L;Rawat Jalan;Umum;Klinik Umum;Pemeriksaan Umum dan Konsultasi Pada Rawat Jalan; Rp8.000 
2025-02-21;ai tuti;;Cikelet;P;Rawat Jalan;Umum;Klinik Gigi;Pemeriksaan Umum dan Konsultasi Pada Rawat Jalan; Rp8.000 
2025-02-22;ersa;;Cikelet;P;Rawat Jalan;Umum;UGD;Pemeriksaan Umum dan Konsultasi Pada UGD; Rp10.000 
2025-02-22;alipa;;Cikelet;P;Rawat Jalan;Umum;UGD;Pemeriksaan Umum dan Konsultasi Pada UGD; Rp10.000 
2025-02-22;hapizah;;Cikelet;P;Rawat Jalan;Umum;UGD;Pemeriksaan Umum dan Konsultasi Pada UGD; Rp10.000 
2025-02-22;ratih;;Luar Wilayah;P;Rawat Jalan;Umum;Klinik Umum;Pemeriksaan Umum dan Konsultasi Pada Rawat Jalan; Rp8.000 
2025-02-22;rido;;Luar Wilayah;L;Rawat Jalan;Umum;Klinik Umum;Pemeriksaan Umum dan Konsultasi Pada Rawat Jalan; Rp8.000 
2025-02-22;alifah;;Luar Wilayah;P;Rawat Inap;BPJS;Rawat Inap;Pemeriksaan Umum dan Konsultasi Pada UGD; Rp10.000 
2025-02-22;devit;;Luar Wilayah;L;Rawat Jalan;Umum;Klinik Umum;Pemeriksaan Umum dan Konsultasi Pada Rawat Jalan; Rp8.000 
2025-02-22;;;;;;;;Pengujian Keuring; Rp10.000 
2025-02-22;rista;;Luar Wilayah;P;Rawat Jalan;Umum;Klinik KIA;Pemeriksaan Umum dan Konsultasi Pada Rawat Jalan; Rp8.000 
2025-02-22;;;;;;;;Pemeriksaan Laboratorium Rawat Jalan; Rp60.000 
2025-02-22;azahra;;Cikelet;P;Rawat Jalan;Umum;UGD;Pemeriksaan Umum dan Konsultasi Pada UGD; Rp10.000 
2025-02-22;;;;;;;;Tindakan Medik; Rp55.000 
2025-02-22;salwa;;Cikelet;P;Rawat Jalan;BPJS;Klinik Umum;Pengujian Keuring; Rp10.000 
2025-02-22;nurmaningsih;;Luar Wilayah;P;Rawat Jalan;Umum;Klinik Umum;Pemeriksaan Umum dan Konsultasi Pada Rawat Jalan; Rp8.000 
2025-02-22;ai maemunah;;Luar Wilayah;P;Rawat Jalan;Umum;Klinik Umum;Pemeriksaan Umum dan Konsultasi Pada Rawat Jalan; Rp8.000 
2025-02-22;asep;;Karangsari;L;Rawat Jalan;Umum;UGD;Pemeriksaan Umum dan Konsultasi Pada UGD; Rp10.000 
2025-02-22;;;;;;;;Tindakan Medik; Rp90.000 
2025-02-22;;;;;;;;Penyediaan Obat dan BMHP Rawat Jalan; Rp70.000 
2025-02-24;bani;;Luar Wilayah;L;Rawat Jalan;Umum;UGD;Pemeriksaan Umum dan Konsultasi Pada UGD; Rp10.000 
2025-02-24;badil;;Luar Wilayah;L;Rawat Jalan;Umum;UGD;Pemeriksaan Umum dan Konsultasi Pada UGD; Rp10.000 
2025-02-24;suhanda;;Luar Wilayah;L;Rawat Jalan;Umum;Klinik Umum;Pemeriksaan Umum dan Konsultasi Pada Rawat Jalan; Rp8.000 
2025-02-24;hadsah;;Cikelet;P;Rawat Jalan;Umum;Klinik Umum;Pemeriksaan Umum dan Konsultasi Pada Rawat Jalan; Rp8.000 
2025-02-24;riki rijal;;Cikelet;L;Rawat Jalan;Umum;Klinik Umum;Pemeriksaan Umum dan Konsultasi Pada Rawat Jalan; Rp8.000 
2025-02-24;galit;;Luar Wilayah;L;Rawat Jalan;Umum;Klinik Umum;Pemeriksaan Umum dan Konsultasi Pada Rawat Jalan; Rp8.000 
2025-02-24;raveypa;;Cikelet;P;Rawat Jalan;Umum;Klinik Umum;Pemeriksaan Umum dan Konsultasi Pada Rawat Jalan; Rp8.000 
2025-02-24;atin;;Luar Wilayah;P;Rawat Jalan;Umum;Klinik Umum;Pemeriksaan Umum dan Konsultasi Pada Rawat Jalan; Rp8.000 
2025-02-24;rafasya;;Cikelet;L;Rawat Jalan;Umum;Klinik Umum;Pemeriksaan Umum dan Konsultasi Pada Rawat Jalan; Rp8.000 
2025-02-24;arsaka;;Luar Wilayah;L;Rawat Jalan;Umum;Klinik Umum;Pemeriksaan Umum dan Konsultasi Pada Rawat Jalan; Rp8.000 
2025-02-24;siti munawaroh;;Ciroyom;P;Rawat Jalan;Umum;Klinik Umum;Pemeriksaan Umum dan Konsultasi Pada Rawat Jalan; Rp8.000 
2025-02-24;rosidin;;Ciroyom;L;Rawat Jalan;Umum;Klinik Umum;Pemeriksaan Umum dan Konsultasi Pada Rawat Jalan; Rp8.000 
2025-02-24;irja;;Luar Wilayah;L;Rawat Jalan;Umum;Klinik Umum;Pemeriksaan Umum dan Konsultasi Pada Rawat Jalan; Rp8.000 
2025-02-24;hajik;;Cikelet;L;Rawat Jalan;Umum;Klinik Umum;Pemeriksaan Umum dan Konsultasi Pada Rawat Jalan; Rp8.000 
2025-02-24;enung;;Cikelet;P;Rawat Jalan;Umum;Klinik Umum;Pemeriksaan Umum dan Konsultasi Pada Rawat Jalan; Rp8.000 
2025-02-24;akmal;;Luar Wilayah;L;Rawat Jalan;Umum;Klinik Umum;Pemeriksaan Umum dan Konsultasi Pada Rawat Jalan; Rp8.000 
2025-02-24;jasmin;;Cikelet;P;Rawat Jalan;Umum;Klinik Umum;Pemeriksaan Umum dan Konsultasi Pada Rawat Jalan; Rp8.000 
2025-02-24;susilawati;;Cikelet;P;Rawat Jalan;Umum;Klinik Umum;Pemeriksaan Umum dan Konsultasi Pada Rawat Jalan; Rp8.000 
2025-02-24;neneng;;Karangsari;P;Rawat Jalan;Umum;Klinik KIA;Pemeriksaan Umum dan Konsultasi Pada Rawat Jalan; Rp8.000 
2025-02-24;;;;;;;;Pemeriksaan Laboratorium Rawat Jalan; Rp72.500 
2025-02-24;;;;;;;;Pemeriksaan KIA/KB/USG; Rp50.000 
2025-02-24;rosa;;Pamalayan;P;Rawat Jalan;Umum;Klinik KIA;Pemeriksaan Umum dan Konsultasi Pada Rawat Jalan; Rp8.000 
2025-02-24;;;;;;;;Pemeriksaan Laboratorium Rawat Jalan; Rp72.500 
2025-02-24;nadif;;Pamalayan;P;Rawat Jalan;Umum;Klinik Umum;Pemeriksaan Umum dan Konsultasi Pada Rawat Jalan; Rp8.000 
2025-02-24;umaira;;Cikelet;P;Rawat Jalan;Umum;Klinik Umum;Pemeriksaan Umum dan Konsultasi Pada Rawat Jalan; Rp8.000 
2025-02-24;sinta;;Luar Wilayah;P;Rawat Jalan;Umum;Klinik Umum;Pemeriksaan Umum dan Konsultasi Pada Rawat Jalan; Rp8.000 
2025-02-24;saipul;;Cikelet;L;Rawat Jalan;Umum;Klinik Umum;Pemeriksaan Umum dan Konsultasi Pada Rawat Jalan; Rp8.000 
2025-02-24;abizar;;Cikelet;L;Rawat Jalan;Umum;Klinik Umum;Pemeriksaan Umum dan Konsultasi Pada Rawat Jalan; Rp8.000 
2025-02-24;;;;;;;;Pengujian Keuring; Rp10.000 
2025-02-24;jiwa;;Luar Wilayah;L;Rawat Jalan;Umum;Klinik Umum;Pemeriksaan Umum dan Konsultasi Pada Rawat Jalan; Rp8.000 
2025-02-24;fiska;;Cikelet;P;Rawat Jalan;Umum;Klinik Umum;Pemeriksaan Umum dan Konsultasi Pada Rawat Jalan; Rp8.000 
2025-02-24;kunaepi;;Karangsari;L;Rawat Jalan;Umum;Klinik Umum;Pemeriksaan Umum dan Konsultasi Pada Rawat Jalan; Rp8.000 
2025-02-24;sunandar;;Luar Wilayah;L;Rawat Jalan;Umum;Klinik Umum;Pemeriksaan Umum dan Konsultasi Pada Rawat Jalan; Rp8.000 
2025-02-24;suminar;;Luar Wilayah;P;Rawat Jalan;Umum;Klinik Umum;Pemeriksaan Umum dan Konsultasi Pada Rawat Jalan; Rp8.000 
2025-02-24;;;;;;;;Pemeriksaan Laboratorium Rawat Jalan; Rp30.000 
2025-02-24;alpatih;;Luar Wilayah;L;Rawat Jalan;Umum;Klinik Umum;Pemeriksaan Umum dan Konsultasi Pada Rawat Jalan; Rp8.000 
2025-02-25;asep;;Ciroyom;L;Rawat Jalan;Umum;Klinik Umum;Pemeriksaan Umum dan Konsultasi Pada Rawat Jalan; Rp8.000 
2025-02-25;;;;;;;;Pengujian Keuring; Rp5.000 
2025-02-25;widi;;Ciroyom;L;Rawat Jalan;Umum;Klinik Umum;Pemeriksaan Umum dan Konsultasi Pada Rawat Jalan; Rp8.000 
2025-02-25;;;;;;;;Pengujian Keuring; Rp10.000 
2025-02-25;hanif;;Ciroyom;L;Rawat Jalan;Umum;Klinik Umum;Pemeriksaan Umum dan Konsultasi Pada Rawat Jalan; Rp8.000 
2025-02-25;arumi;;Cikelet;P;Rawat Jalan;Umum;Klinik Umum;Pemeriksaan Umum dan Konsultasi Pada Rawat Jalan; Rp8.000 
2025-02-25;pandu;;Pamalayan;L;Rawat Jalan;Umum;Klinik Gigi;Pemeriksaan Umum dan Konsultasi Pada Rawat Jalan; Rp8.000 
2025-02-25;;;;;;;;Pemeriksaan Gigi & Mulut; Rp50.000 
2025-02-25;kesya;;Karangsari;P;Rawat Jalan;Umum;UGD;Pemeriksaan Umum dan Konsultasi Pada UGD; Rp10.000 
2025-02-25;;;;;;;;Tindakan Medik; Rp50.000 
2025-02-25;arsila;;Pamalayan;P;Rawat Jalan;Umum;Klinik Umum;Pemeriksaan Umum dan Konsultasi Pada Rawat Jalan; Rp8.000 
2025-02-25;atikah;;Awassagara;P;Rawat Jalan;Umum;Klinik Umum;Pemeriksaan Umum dan Konsultasi Pada Rawat Jalan; Rp8.000 
2025-02-25;sumyati;;Awassagara;P;Rawat Jalan;Umum;Klinik Umum;Pemeriksaan Umum dan Konsultasi Pada Rawat Jalan; Rp8.000 
2025-02-25;jaisa;;Cikelet;P;Rawat Jalan;Umum;Klinik Umum;Pemeriksaan Umum dan Konsultasi Pada Rawat Jalan; Rp8.000 
2025-02-25;ida;;Awassagara;P;Rawat Jalan;Umum;Klinik Umum;Pemeriksaan Umum dan Konsultasi Pada Rawat Jalan; Rp8.000 
2025-02-25;rizki;;Cikelet;L;Rawat Jalan;Umum;Klinik Umum;Pemeriksaan Umum dan Konsultasi Pada Rawat Jalan; Rp8.000 
2025-02-25;nenti;;Luar Wilayah;P;Rawat Jalan;Umum;Klinik KIA;Pemeriksaan Umum dan Konsultasi Pada Rawat Jalan; Rp8.000 
2025-02-25;;;;;;;;Pemeriksaan Laboratorium Rawat Jalan; Rp37.500 
2025-02-25;susi;;Pamalayan;P;Rawat Jalan;Umum;Klinik Umum;Pemeriksaan Umum dan Konsultasi Pada Rawat Jalan; Rp8.000 
2025-02-25;tini;;Pamalayan;P;Rawat Jalan;Umum;Klinik Umum;Pemeriksaan Umum dan Konsultasi Pada Rawat Jalan; Rp8.000 
2025-02-25;`imas;;Luar Wilayah;P;Rawat Jalan;Umum;Klinik Umum;Pemeriksaan Umum dan Konsultasi Pada Rawat Jalan; Rp8.000 
2025-02-25;elim;;Luar Wilayah;P;Rawat Jalan;Umum;Klinik Umum;Pemeriksaan Umum dan Konsultasi Pada Rawat Jalan; Rp8.000 
2025-02-25;robiah;;Luar Wilayah;P;Rawat Jalan;Umum;Klinik KIA;Pemeriksaan Umum dan Konsultasi Pada Rawat Jalan; Rp8.000 
2025-02-25;;;;;;;;Pemeriksaan Laboratorium Rawat Jalan; Rp47.500 
2025-02-25;virenda;;Cikelet;P;Rawat Jalan;Umum;Klinik Umum;Pemeriksaan Umum dan Konsultasi Pada Rawat Jalan; Rp8.000 
2025-02-25;;;;;;;;Pengujian Keuring; Rp20.000 
2025-02-26;nenih;;Luar Wilayah;P;Rawat Jalan;Umum;Klinik Umum;Pemeriksaan Umum dan Konsultasi Pada Rawat Jalan; Rp8.000 
2025-02-26;silvi;;Pamalayan;P;Rawat Jalan;Umum;Klinik Umum;Pemeriksaan Umum dan Konsultasi Pada Rawat Jalan; Rp8.000 
2025-02-26;;;;;;;;Pemeriksaan Laboratorium Rawat Jalan; Rp25.000 
2025-02-26;imas;;Awassagara;P;Rawat Jalan;Umum;Klinik Umum;Pemeriksaan Umum dan Konsultasi Pada Rawat Jalan; Rp8.000 
2025-02-26;kevin;;Cikelet;L;Rawat Jalan;Umum;Klinik Umum;Pemeriksaan Umum dan Konsultasi Pada Rawat Jalan; Rp8.000 
2025-02-26;devin;;Cikelet;L;Rawat Jalan;Umum;Klinik Umum;Pemeriksaan Umum dan Konsultasi Pada Rawat Jalan; Rp8.000 
2025-02-26;atha;;Luar Wilayah;L;Rawat Jalan;Umum;Klinik Umum;Pemeriksaan Umum dan Konsultasi Pada Rawat Jalan; Rp8.000 
2025-02-26;ai nuryati;;Luar Wilayah;P;Rawat Jalan;Umum;;Pemeriksaan Umum dan Konsultasi Pada Rawat Jalan; Rp8.000 
2025-02-26;;;;;;;;Pemeriksaan KIA/KB/USG; Rp50.000 
2025-02-26;lilis;;Luar Wilayah;P;Rawat Jalan;Umum;Klinik Umum;Pemeriksaan Umum dan Konsultasi Pada Rawat Jalan; Rp8.000 
2025-02-26; wulan sari;;Luar Wilayah;P;Rawat Jalan;Umum;Klinik Umum;Pemeriksaan Umum dan Konsultasi Pada Rawat Jalan; Rp8.000 
2025-02-26;;;;;;;;Pengujian Keuring; Rp10.000 
2025-02-26;sipa;;Cikelet;P;Rawat Jalan;BPJS;Klinik Umum;Tindakan Medik; Rp5.000 
2025-02-26;;;;;;;;Pengujian Keuring; Rp10.000 
2025-02-26;;;;;;;;Pemeriksaan Laboratorium Rawat Jalan; Rp35.000 
2025-02-26;rohadi;;Luar Wilayah;L;Rawat Jalan;Umum;Klinik Umum;Pemeriksaan Umum dan Konsultasi Pada Rawat Jalan; Rp8.000 
2025-02-26;lilis;;Luar Wilayah;P;Rawat Jalan;Umum;Klinik KIA;Pemeriksaan Umum dan Konsultasi Pada Rawat Jalan; Rp8.000 
2025-02-26;;;;;;;;Pemeriksaan Laboratorium Rawat Jalan; Rp90.000 
2025-02-26;;;;;;;;Pemeriksaan KIA/KB/USG; Rp50.000 
2025-02-26;devi;;Cijambe;P;Rawat Jalan;Umum;;Pemeriksaan Umum dan Konsultasi Pada Rawat Jalan; Rp8.000 
2025-02-26;;;;;;;;Pengujian Keuring; Rp10.000 
2025-02-26;nia;;Luar Wilayah;P;Rawat Jalan;Umum;Klinik Umum;Pemeriksaan Umum dan Konsultasi Pada Rawat Jalan; Rp8.000 
2025-02-26;aulia;;Pamalayan;P;Rawat Jalan;Umum;Klinik Umum;Pemeriksaan Umum dan Konsultasi Pada Rawat Jalan; Rp8.000 
2025-02-27;rehan;;Luar Wilayah;L;Rawat Jalan;Umum;Klinik Umum;Pemeriksaan Umum dan Konsultasi Pada Rawat Jalan; Rp8.000 
2025-02-27;reva;;Luar Wilayah;P;Rawat Jalan;Umum;Klinik Umum;Pemeriksaan Umum dan Konsultasi Pada Rawat Jalan; Rp8.000 
2025-02-27;reno;;Luar Wilayah;L;Rawat Jalan;Umum;Klinik Umum;Pemeriksaan Umum dan Konsultasi Pada Rawat Jalan; Rp8.000 
2025-02-27;adita;;Luar Wilayah;P;Rawat Jalan;Umum;UGD;Pemeriksaan Umum dan Konsultasi Pada UGD; Rp10.000 
2025-02-27;indah ayuni;;Cikelet;P;Rawat Jalan;Umum;UGD;Pemeriksaan Umum dan Konsultasi Pada UGD; Rp10.000 
2025-02-27;m bayu;;Cijambe;L;Rawat Jalan;Umum;UGD;Pemeriksaan Umum dan Konsultasi Pada UGD; Rp10.000 
2025-02-27;hasan;;Cijambe;L;Rawat Jalan;Umum;UGD;Pemeriksaan Umum dan Konsultasi Pada UGD; Rp10.000 
2025-02-27;askia;;Awassagara;P;Rawat Inap;Umum;Rawat Inap;Pemeriksaan Umum dan Konsultasi Pada UGD; Rp10.000 
2025-02-27;;;;;;;;Penyediaan Obat dan BMHP Rawat Inap; Rp85.000 
2025-02-27;sopiah;;Ciroyom;P;Rawat Jalan;Umum;Klinik Umum;Pemeriksaan Umum dan Konsultasi Pada Rawat Jalan; Rp8.000 
2025-02-27;hasbi;;Pamalayan;L;Rawat Jalan;Umum;Klinik Umum;Pemeriksaan Umum dan Konsultasi Pada Rawat Jalan; Rp8.000 
2025-02-27;bagja;;Cijambe;L;Rawat Jalan;Umum;Klinik Umum;Pemeriksaan Umum dan Konsultasi Pada Rawat Jalan; Rp8.000 
2025-02-27;hilya;;Cikelet;P;Rawat Jalan;Umum;Klinik Umum;Pemeriksaan Umum dan Konsultasi Pada Rawat Jalan; Rp8.000 
2025-02-27;ucu;;Cijambe;L;Rawat Jalan;Umum;Klinik Umum;Pemeriksaan Umum dan Konsultasi Pada Rawat Jalan; Rp8.000 
2025-02-27;eko;;Cijambe;P;Rawat Jalan;Umum;Klinik Umum;Pemeriksaan Umum dan Konsultasi Pada Rawat Jalan; Rp8.000 
2025-02-27;kesya;;Ciroyom;P;Rawat Inap;Umum;Rawat Inap;Pemeriksaan Umum dan Konsultasi Pada UGD; Rp10.000 
2025-02-27;;;;;;;;Tindakan Medik; Rp90.000 
2025-02-27;;;;;;;;Pendapatan Pelayanan Rawat Inap Umum; Rp240.000 
2025-02-27;;;;;;;;Pemeriksaan Laboratorium Rawat Inap; Rp50.000 
2025-02-27;;;;;;;;Penyediaan Obat dan BMHP Rawat Inap; Rp175.000 
2025-02-27;firda;;Cikelet;P;Rawat Jalan;Umum;Klinik Umum;Pemeriksaan Umum dan Konsultasi Pada Rawat Jalan; Rp8.000 
2025-02-27;eko;;;;;;;Pengujian Keuring; Rp5.000 
2025-02-27;momon;;Luar Wilayah;L;Rawat Jalan;Umum;Klinik Umum;Pemeriksaan Umum dan Konsultasi Pada Rawat Jalan; Rp8.000 
2025-02-27;raya;;Tipar;P;Rawat Jalan;Umum;Klinik Umum;Pemeriksaan Umum dan Konsultasi Pada Rawat Jalan; Rp8.000 
2025-02-27;rifa;;Cijambe;P;Rawat Jalan;Umum;Klinik Umum;Pemeriksaan Umum dan Konsultasi Pada Rawat Jalan; Rp8.000 
2025-02-27;abyan;;Luar Wilayah;L;Rawat Jalan;Umum;Klinik Umum;Pemeriksaan Umum dan Konsultasi Pada Rawat Jalan; Rp8.000 
2025-02-27;m arendra;;Pamalayan;L;Rawat Jalan;Umum;Klinik Umum;Pemeriksaan Umum dan Konsultasi Pada Rawat Jalan; Rp8.000 
2025-02-27;elina;;Karangsari;P;Rawat Jalan;Umum;Klinik Umum;Pemeriksaan Umum dan Konsultasi Pada Rawat Jalan; Rp8.000 
2025-02-27;sherli;;Luar Wilayah;P;Rawat Jalan;Umum;Klinik Umum;Pemeriksaan Umum dan Konsultasi Pada Rawat Jalan; Rp8.000 
2025-02-27;rulli;;Cijambe;L;Rawat Jalan;Umum;Klinik Umum;Pemeriksaan Umum dan Konsultasi Pada Rawat Jalan; Rp8.000 
2025-02-27;faiza;;Cijambe;P;Rawat Jalan;Umum;Klinik Umum;Pemeriksaan Umum dan Konsultasi Pada Rawat Jalan; Rp8.000 
2025-02-27;arkan;;Luar Wilayah;L;Rawat Jalan;Umum;Klinik Umum;Pemeriksaan Umum dan Konsultasi Pada Rawat Jalan; Rp8.000 
2025-02-27;entin;;Luar Wilayah;P;Rawat Inap;BPJS;Rawat Inap;Pemeriksaan Umum dan Konsultasi Pada UGD; Rp10.000 
2025-02-28;imas;;Luar Wilayah;P;Rawat Jalan;Umum;UGD;Pemeriksaan Umum dan Konsultasi Pada UGD; Rp10.000 
2025-02-28;;;;;;;;Pemeriksaan Laboratorium Rawat Jalan; Rp72.500 
2025-02-28;ratih;;Cijambe;P;Rawat Jalan;Umum;UGD;Pemeriksaan Umum dan Konsultasi Pada UGD; Rp10.000 
2025-02-28;nadia;;Cijambe;P;Rawat Jalan;Umum;UGD;Pemeriksaan Umum dan Konsultasi Pada UGD; Rp10.000 
2025-02-28;uci;;Cikelet;P;Rawat Jalan;Umum;UGD;Pemeriksaan Umum dan Konsultasi Pada UGD; Rp10.000 
2025-02-28;rohaman;;Luar Wilayah;L;Rawat Jalan;Umum;Klinik Umum;Pemeriksaan Umum dan Konsultasi Pada Rawat Jalan; Rp8.000 
2025-02-28;dara;;Cikelet;P;Rawat Jalan;Umum;Klinik Umum;Pemeriksaan Umum dan Konsultasi Pada Rawat Jalan; Rp8.000 
2025-02-28;iin;;Cikelet;P;Rawat Jalan;Umum;Klinik Umum;Pemeriksaan Umum dan Konsultasi Pada Rawat Jalan; Rp8.000 
2025-02-28;sumarni;;Luar Wilayah;P;Rawat Jalan;Umum;Klinik Umum;Pemeriksaan Umum dan Konsultasi Pada Rawat Jalan; Rp8.000 
2025-02-28;romani;;Luar Wilayah;P;Rawat Jalan;Umum;Klinik Umum;Pemeriksaan Umum dan Konsultasi Pada Rawat Jalan; Rp8.000 
2025-02-28;risma;;Luar Wilayah;P;Rawat Jalan;Umum;Klinik KIA;Pemeriksaan Umum dan Konsultasi Pada Rawat Jalan; Rp8.000 
2025-02-28;atin;;Luar Wilayah;P;Rawat Jalan;Umum;Klinik Umum;Pemeriksaan Umum dan Konsultasi Pada Rawat Jalan; Rp8.000 
2025-02-28;romlah;;Cijambe;P;Rawat Jalan;Umum;Klinik Umum;Pemeriksaan Umum dan Konsultasi Pada Rawat Jalan; Rp8.000 
2025-02-28;tiktik;;Cikelet;P;Rawat Jalan;Umum;Klinik Umum;Pemeriksaan Umum dan Konsultasi Pada Rawat Jalan; Rp8.000 
2025-02-28;risma;;Cijambe;P;Rawat Jalan;Umum;Klinik KIA;Pemeriksaan Umum dan Konsultasi Pada Rawat Jalan; Rp8.000 
2025-02-28;;;;;;;;Pemeriksaan Laboratorium Rawat Jalan; Rp60.000 
2025-02-28;ariyan;;Cijambe;L;Rawat Jalan;Umum;Klinik Umum;Pemeriksaan Umum dan Konsultasi Pada Rawat Jalan;8000
2025-02-28;citra;;Luar Wilayah;P;Rawat Jalan;Umum;Klinik Umum;Pemeriksaan Umum dan Konsultasi Pada Rawat Jalan; Rp8.000 
2025-02-28;;;;;;;;Pemeriksaan Laboratorium Rawat Jalan; Rp47.500 
2025-02-28;;;;;;;;Pemeriksaan KIA/KB/USG; Rp50.000 
