﻿tanggal;nama_pasien;no_rekam_medik;alamat;jenis_kelamin;jenis_kunjungan;status_pasien;poli_tujuan;jenis_pelayanan;tarif_rp
2025-02-01;miftah;723;Luar Wilayah;L;Rawat Jalan;Umum;Rawat Inap;Pemeriksaan Umum dan Konsultasi Pada UGD; Rp10.000 
2025-02-01;;;;;;;UGD;Tindakan Medik; Rp110.000 
2025-02-01;;;;;;;Rawat Inap;Pendapatan Pelayanan Rawat Inap Umum; Rp240.000 
2025-02-01;;;;;;;Farmasi;Penyediaan Obat dan BMHP Rawat Inap; Rp240.000 
2025-02-01;ai siti;727;Cijambe;P;Rawat Jalan;Umum;UGD;Pemeriksaan Umum dan Konsultasi Pada UGD; Rp10.000 
2025-02-01;;;;;;;UGD;Tindakan Medik; Rp80.000 
2025-02-01;;;;;;;Laboratorium;Pemeriksaan Laboratorium PONED; Rp60.000 
2025-02-01;;;;;;;Farmasi;Penyediaan Obat dan BMHP PONED; Rp70.000 
2025-02-01;furi;731;Cikelet;P;Rawat Inap;Umum;UGD;Pemeriksaan Umum dan Konsultasi Pada UGD; Rp10.000 
2025-02-01;;;;;;;UGD;Tindakan Medik; Rp35.000 
2025-02-01;;;;;;;Rawat Inap;Pendapatan Pelayanan Rawat Inap Umum; Rp120.000 
2025-02-01;;;;;;;Laboratorium;Pemeriksaan Laboratorium PONED; Rp60.000 
2025-02-01;;;;;;;Klinik KIA;Pemeriksaan KIA/USG; Rp50.000 
2025-02-01;;;;;;;PONED;Tindakan Kebidanan; Rp150.000 
2025-02-01;;;;;;;Farmasi;Penyediaan Obat dan BMHP PONED; Rp70.000 
2025-02-01;akmal;738;Luar Wilayah;L;Rawat Jalan;Umum;Klinik Umum;Pengujian Keuring; Rp10.000 
2025-02-01;arsy;739;Cikelet;P;Rawat Jalan;Umum;UGD;Pemeriksaan Umum dan Konsultasi Pada UGD; Rp10.000 
2025-02-01;;;;;;;UGD;Tindakan Medik; Rp5.000 
2025-02-01;;;;;;;Farmasi;Penyediaan Obat dan BMHP Rawat Jalan; Rp50.000 
2025-02-01;aleena;742;Luar Wilayah;P;Rawat Jalan;Umum;Klinik Umum;Pemeriksaan Umum dan Konsultasi Pada Rawat Jalan; Rp8.000 
2025-02-01;irena;743;Cijambe;P;Rawat Jalan;Umum;Klinik Umum;Pemeriksaan Umum dan Konsultasi Pada Rawat Jalan; Rp8.000 
2025-02-01;;;;;;;Laboratorium;Pemeriksaan Laboratorium Rawat Jalan; Rp85.000 
2025-02-01;irma;745;Cikelet;P;Rawat Inap;Umum;UGD;Pemeriksaan Umum dan Konsultasi Pada UGD; Rp10.000 
2025-02-01;;;;;;;UGD;Tindakan Medik; Rp25.000 
2025-02-01;;;;;;;Rawat Inap;Pendapatan Pelayanan Rawat Inap Umum; Rp120.000 
2025-02-01;;;;;;;Farmasi;Penyediaan Obat dan BMHP Rawat Inap; Rp90.000 
2025-02-01;inara;749;Cikelet;P;Rawat Inap;Umum;UGD;Pemeriksaan Umum dan Konsultasi Pada UGD; Rp10.000 
2025-02-01;;;;;;;UGD;Tindakan Medik; Rp20.000 
2025-02-01;;;;;;;Rawat Inap;Pendapatan Pelayanan Rawat Inap Umum; Rp120.000 
2025-02-01;;;;;;;Farmasi;Penyediaan Obat dan BMHP Rawat Inap; Rp80.000 
2025-02-01;defi;753;Cikelet;P;Rawat Jalan;Umum;Klinik Umum;Pemeriksaan Umum dan Konsultasi Pada Rawat Jalan; Rp8.000 
2025-02-01;;;;;;;Klinik KIA;Pemeriksaan KIA/USG; Rp50.000 
2025-02-01;zahrani ;755;Linggamanik;P;Rawat Jalan;Umum;Klinik Gigi;Pemeriksaan Gigi & Mulut; Rp8.000 
2025-02-01;m azka;756;Luar Wilayah;L;Rawat Jalan;Umum;UGD;Pemeriksaan Umum dan Konsultasi Pada UGD; Rp10.000 
2025-02-01;;;;;;;UGD;Tindakan Medik; Rp55.000 
2025-02-01;fitra;758;Luar Wilayah;P;Rawat Jalan;Umum;Klinik Umum;Pemeriksaan Umum dan Konsultasi Pada Rawat Jalan; Rp8.000 
2025-02-01;dede;759;Luar Wilayah;L;Rawat Jalan;Umum;UGD;Pemeriksaan Umum dan Konsultasi Pada UGD; Rp10.000 
2025-02-01;;;;;;;UGD;Tindakan Medik; Rp10.000 
2025-02-01;rafa;761;Luar Wilayah;L;Rawat Jalan;Umum;UGD;Pemeriksaan Umum dan Konsultasi Pada UGD; Rp10.000 
2025-02-01;;;;;;;UGD;Tindakan Medik; Rp10.000 
2025-02-01;restu;763;Luar Wilayah;P;Rawat Jalan;Umum;UGD;Pemeriksaan Umum dan Konsultasi Pada UGD; Rp10.000 
2025-02-01;;;;;;;UGD;Tindakan Medik; Rp30.000 
2025-02-01;yandi;765;Cikelet;L;Rawat Jalan;Umum;Klinik Umum;Pemeriksaan Umum dan Konsultasi Pada Rawat Jalan; Rp8.000 
2025-02-03;karto;766;Luar Wilayah;L;Rawat Jalan;Umum;Klinik Umum;Pemeriksaan Umum dan Konsultasi Pada Rawat Jalan; Rp8.000 
2025-02-03;ardiansyah;767;Cikelet;L;Rawat Jalan;Umum;UGD;Pemeriksaan Umum dan Konsultasi Pada UGD; Rp10.000 
2025-02-03;nurhayati;768;Cikelet;P;Rawat Jalan;Umum;UGD;Pemeriksaan Umum dan Konsultasi Pada UGD; Rp10.000 
2025-02-03;rizki;769;Cijambe;L;Rawat Jalan;Umum;UGD;Pemeriksaan Umum dan Konsultasi Pada UGD; Rp10.000 
2025-02-03;rayan;770;Cijambe;L;Rawat Jalan;Umum;UGD;Pemeriksaan Umum dan Konsultasi Pada UGD; Rp10.000 
2025-02-03;devin;771;Cijambe;L;Rawat Jalan;Umum;UGD;Pemeriksaan Umum dan Konsultasi Pada UGD; Rp10.000 
2025-02-03;;;;;;;UGD;Pemakaian Oksigen; Rp15.000 
2025-02-03;m rafi;773;Cijambe;L;Rawat Jalan;Umum;UGD;Pemeriksaan Umum dan Konsultasi Pada UGD; Rp10.000 
2025-02-03;ragil;774;Cijambe;L;Rawat Jalan;Umum;UGD;Pemeriksaan Umum dan Konsultasi Pada UGD; Rp10.000 
2025-02-03;riski;775;Cijambe;L;Rawat Jalan;Umum;UGD;Pemeriksaan Umum dan Konsultasi Pada UGD; Rp10.000 
2025-02-03;sinta;776;Pamalayan;P;Rawat Jalan;Umum;UGD;Pemeriksaan Umum dan Konsultasi Pada UGD; Rp10.000 
2025-02-03;;;;;;;UGD;Pemakaian Oksigen; Rp40.000 
2025-02-03;yati;778;Luar Wilayah;P;Rawat Jalan;Umum;UGD;Pemeriksaan Umum dan Konsultasi Pada UGD; Rp10.000 
2025-02-03;m riski;779;Cijambe;L;Rawat Jalan;Umum;UGD;Pemeriksaan Umum dan Konsultasi Pada UGD; Rp10.000 
2025-02-03;nurjanah;780;Luar Wilayah;P;Rawat Jalan;Umum;Klinik Umum;Pemeriksaan Umum dan Konsultasi Pada Rawat Jalan; Rp8.000 
2025-02-03;undang;781;Pamalayan;L;Rawat Jalan;Umum;Klinik Umum;Pemeriksaan Umum dan Konsultasi Pada Rawat Jalan; Rp8.000 
2025-02-03;adinda;782;Pamalayan;P;Rawat Jalan;Umum;Klinik Umum;Pemeriksaan Umum dan Konsultasi Pada Rawat Jalan; Rp8.000 
2025-02-03;m robby;783;Cikelet;L;Rawat Jalan;Umum;UGD;Pemeriksaan Umum dan Konsultasi Pada UGD; Rp10.000 
2025-02-03;;;;;;;UGD;Tindakan Medik; Rp20.000 
2025-02-03;titin;785;Pamalayan;P;Rawat Jalan;Umum;Klinik Umum;Pemeriksaan Umum dan Konsultasi Pada Rawat Jalan; Rp8.000 
2025-02-03;;;;;;;Klinik Umum;Pengujian Keuring; Rp10.000 
2025-02-03;siti atilah;787;Luar Wilayah;P;Rawat Jalan;BPJS;Klinik Umum;Pengujian Keuring; Rp10.000 
2025-02-03;indri;788;Pamalayan;P;Rawat Jalan;Umum;Klinik Umum;Pemeriksaan Umum dan Konsultasi Pada Rawat Jalan; Rp8.000 
2025-02-03;trisna;789;Cikelet;L;Rawat Jalan;BPJS;Klinik Umum;Pengujian Keuring; Rp10.000 
2025-02-03;nenden;790;Luar Wilayah;P;Rawat Jalan;Umum;Klinik Umum;Pemeriksaan Umum dan Konsultasi Pada Rawat Jalan; Rp8.000 
2025-02-03;;;;;;;Klinik Umum;Pengujian Keuring; Rp10.000 
2025-02-03;qodariyah;792;Cikelet;P;Rawat Jalan;Umum;Poli Lansia;Pemeriksaan Umum dan Konsultasi Pada Rawat Jalan; Rp8.000 
2025-02-03;windi;793;Awassagara;P;Rawat Jalan;BPJS;Klinik KIA;Pemeriksaan KIA/USG; Rp50.000 
2025-02-03;m irsyad;794;Cikelet;L;Rawat Jalan;Umum;Klinik Umum;Pemeriksaan Umum dan Konsultasi Pada Rawat Jalan; Rp8.000 
2025-02-03;gavi;795;Cikelet;L;Rawat Jalan;Umum;Klinik Umum;Pemeriksaan Umum dan Konsultasi Pada Rawat Jalan; Rp8.000 
2025-02-03;m robi;796;;;;;;Penyediaan Obat dan BMHP Rawat Jalan; Rp25.000 
2025-02-03;hilda;797;Ciroyom;P;Rawat Jalan;BPJS;Klinik KIA;Pemeriksaan KIA/USG; Rp50.000 
2025-02-03;rohayati;798;Linggamanik;P;Rawat Jalan;Umum;Klinik Umum;Pemeriksaan Umum dan Konsultasi Pada Rawat Jalan; Rp8.000 
2025-02-03;viki;799;Luar Wilayah;L;Rawat Jalan;Umum;Klinik Umum;Pemeriksaan Umum dan Konsultasi Pada Rawat Jalan; Rp8.000 
2025-02-03;;;;;;;Klinik Gigi;Pemeriksaan Gigi & Mulut; Rp30.000 
2025-02-03;yuyun;801;Cikelet;P;Rawat Jalan;BPJS;Klinik KIA;Pemeriksaan KIA/USG; Rp50.000 
2025-02-03;jamaludin;802;Karangsari;L;Rawat Jalan;Umum;Klinik Umum;Pemeriksaan Umum dan Konsultasi Pada Rawat Jalan; Rp8.000 
2025-02-03;;;;;;;Klinik Umum;Pengujian Keuring; Rp10.000 
2025-02-03;ida;804;Linggamanik;P;Rawat Jalan;Umum;Klinik Umum;Pemeriksaan Umum dan Konsultasi Pada Rawat Jalan; Rp8.000 
2025-02-03;;;;;;;Laboratorium;Pemeriksaan Laboratorium Rawat Jalan; Rp47.500 
2025-02-03;;;;;;;Klinik KIA;Pemeriksaan KIA/USG; Rp50.000 
2025-02-03;yudi;807;Cikelet;L;Rawat Jalan;Umum;Klinik Gigi;Pemeriksaan Gigi & Mulut; Rp8.000 
2025-02-03;almira;808;Cikelet;P;Rawat Inap;Umum;UGD;Pemeriksaan Umum dan Konsultasi Pada UGD; Rp10.000 
2025-02-03;;;;;;;UGD;Tindakan Medik; Rp55.000 
2025-02-03;;;;;;;Rawat Inap;Pendapatan Pelayanan Rawat Inap Umum; Rp120.000 
2025-02-03;;;;;;;Farmasi;Penyediaan Obat dan BMHP Rawat Inap; Rp65.000 
2025-02-03;mamah;812;Cijambe;P;Rawat Jalan;Umum;Klinik Umum;Pemeriksaan Umum dan Konsultasi Pada Rawat Jalan; Rp8.000 
2025-02-03;yulianah;813;Cikelet;P;Rawat Inap;BPJS;UGD;Pemeriksaan Umum dan Konsultasi Pada UGD; Rp10.000 
2025-02-03;putri dea;814;Luar Wilayah;P;Rawat Jalan;Umum;Klinik Umum;Pemeriksaan Umum dan Konsultasi Pada Rawat Jalan; Rp8.000 
2025-02-03;euis;815;Cikelet;P;Rawat Jalan;Umum;Klinik Umum;Pemeriksaan Umum dan Konsultasi Pada Rawat Jalan; Rp8.000 
2025-02-03;silvi;816;Linggamanik;P;Rawat Jalan;Umum;Klinik Gigi;Pemeriksaan Umum dan Konsultasi Pada Rawat Jalan; Rp8.000 
2025-02-03;almira;817;Cikelet;P;Rawat Jalan;Umum;Klinik Umum;Pemeriksaan Umum dan Konsultasi Pada Rawat Jalan; Rp8.000 
2025-02-03;mentari;818;Luar Wilayah;P;Rawat Jalan;Umum;Klinik Umum;Pemeriksaan Umum dan Konsultasi Pada Rawat Jalan; Rp8.000 
2025-02-03;;;;;;;Klinik Gigi;Pemeriksaan Gigi & Mulut; Rp10.000 
2025-02-03;sunandar;820;Luar Wilayah;L;Rawat Jalan;Umum;Klinik Umum;Pemeriksaan Umum dan Konsultasi Pada Rawat Jalan; Rp8.000 
2025-02-03;diki;821;Awassagara;L;Rawat Jalan;Umum;Klinik Umum;Pemeriksaan Umum dan Konsultasi Pada Rawat Jalan; Rp8.000 
2025-02-03;;;;;;;Klinik Umum;Pengujian Keuring; Rp10.000 
2025-02-03;ratna;823;Luar Wilayah;P;Rawat Jalan;Umum;Klinik Umum;Pemeriksaan Umum dan Konsultasi Pada Rawat Jalan; Rp8.000 
2025-02-03;;;;;;;;Pengujian Keuring; Rp10.000 
2025-02-03;iwan;825;Luar Wilayah;L;Rawat Jalan;Umum;Klinik Umum;Pemeriksaan Umum dan Konsultasi Pada Rawat Jalan; Rp8.000 
2025-02-03;;;;;;;;Pengujian Keuring; Rp10.000 
2025-02-03;rahmat;827;Luar Wilayah;L;Rawat Jalan;Umum;Klinik Umum;Pemeriksaan Umum dan Konsultasi Pada Rawat Jalan; Rp8.000 
2025-02-03;;;;;;;;Pengujian Keuring; Rp10.000 
2025-02-03;nurul;829;Ciroyom;L;Rawat Jalan;Umum;Klinik Umum;Pemeriksaan Umum dan Konsultasi Pada Rawat Jalan; Rp8.000 
2025-02-03;;;;;;;;Pengujian Keuring; Rp10.000 
2025-02-03;dede;831;Cikelet;P;Rawat Jalan;BPJS;Klinik Umum;Pengujian Keuring; Rp10.000 
2025-02-03;ade ismal;832;Linggamanik;L;Rawat Jalan;Umum;Klinik Umum;Pemeriksaan Umum dan Konsultasi Pada Rawat Jalan; Rp8.000 
2025-02-03;;;;;;;;Pengujian Keuring; Rp10.000 
2025-02-03;imas;834;Linggamanik;P;Rawat Jalan;BPJS;Klinik Umum;Pengujian Keuring; Rp10.000 
2025-02-03;rayfan;835;Cijambe;L;Rawat Jalan;Umum;Klinik Umum;Pemeriksaan Umum dan Konsultasi Pada Rawat Jalan; Rp8.000 
2025-02-03;nuraeni;836;Ciroyom;P;Rawat Jalan;Umum;Klinik Umum;Pemeriksaan Umum dan Konsultasi Pada Rawat Jalan; Rp8.000 
2025-02-04;kalisa;837;Cikelet;P;Rawat Jalan;Umum;UGD;Pemeriksaan Umum dan Konsultasi Pada UGD; Rp10.000 
2025-02-04;dapid;838;Cikelet;L;Rawat Jalan;Umum;Klinik Gigi;Pemeriksaan Umum dan Konsultasi Pada Rawat Jalan; Rp8.000 
2025-02-04;yadi;839;Luar Wilayah;L;Rawat Jalan;Umum;Klinik Umum;Pemeriksaan Umum dan Konsultasi Pada Rawat Jalan; Rp8.000 
2025-02-04;alfija;840;Cikelet;L;Rawat Jalan;Umum;Klinik Gigi;Pemeriksaan Umum dan Konsultasi Pada Rawat Jalan; Rp8.000 
2025-02-04;zahra;841;Luar Wilayah;P;Rawat Jalan;Umum;Klinik Umum;Pemeriksaan Umum dan Konsultasi Pada Rawat Jalan; Rp8.000 
2025-02-04;nenden;842;Linggamanik;P;Rawat Jalan;Umum;Klinik Umum;Pemeriksaan Umum dan Konsultasi Pada Rawat Jalan; Rp8.000 
2025-02-04;;;;;;;;Pengujian Keuring; Rp10.000 
2025-02-04;ali;844;Tipar;L;Rawat Jalan;Umum;Klinik Umum;Pemeriksaan Umum dan Konsultasi Pada Rawat Jalan; Rp8.000 
2025-02-04;noviyanti;845;Luar Wilayah;P;Rawat Jalan;Umum;Klinik KIA;Pemeriksaan Umum dan Konsultasi Pada Rawat Jalan; Rp8.000 
2025-02-04;;;;;;;;Pemeriksaan Laboratorium Rawat Jalan; Rp60.000 
2025-02-04;;;;;;;;Pemeriksaan KIA/KB/USG; Rp50.000 
2025-02-04;asep;848;Pamalayan;L;Rawat Jalan;Umum;Klinik Gigi;Pemeriksaan Umum dan Konsultasi Pada Rawat Jalan; Rp8.000 
2025-02-04;sandi;849;Luar Wilayah;L;Rawat Inap;BPJS;UGD;Pemeriksaan Umum dan Konsultasi Pada UGD; Rp10.000 
2025-02-04;iis;850;Cikelet;P;Rawat Jalan;Umum;Klinik Umum;Pemeriksaan Umum dan Konsultasi Pada Rawat Jalan; Rp8.000 
2025-02-04;komala;851;Luar Wilayah;P;Rawat Inap;BPJS;UGD;Pemeriksaan Umum dan Konsultasi Pada UGD; Rp10.000 
2025-02-04;nesah;852;Cikelet;P;Rawat Jalan;Umum;Klinik Umum;Pemeriksaan Umum dan Konsultasi Pada Rawat Jalan; Rp8.000 
2025-02-04;hoerudin;853;Luar Wilayah;L;Rawat Jalan;Umum;Klinik Umum;Pemeriksaan Umum dan Konsultasi Pada Rawat Jalan; Rp8.000 
2025-02-04;;;;;;;;Pengujian Keuring; Rp10.000 
2025-02-04;sahla;855;Cijambe;P;Rawat Jalan;Umum;Klinik Umum;Pemeriksaan Umum dan Konsultasi Pada Rawat Jalan; Rp8.000 
2025-02-04;jajang;856;Luar Wilayah;L;Rawat Jalan;Umum;Klinik Umum;Pemeriksaan Umum dan Konsultasi Pada Rawat Jalan; Rp8.000 
2025-02-04;reza;857;Cikelet;L;Rawat Jalan;Umum;Klinik Umum;Pemeriksaan Umum dan Konsultasi Pada Rawat Jalan; Rp8.000 
2025-02-04;fathan;858;Luar Wilayah;L;Rawat Jalan;Umum;Klinik Umum;Pemeriksaan Umum dan Konsultasi Pada Rawat Jalan; Rp8.000 
2025-02-04;cepti;859;Cikelet;L;Rawat Jalan;Umum;Klinik Umum;Pemeriksaan Umum dan Konsultasi Pada Rawat Jalan; Rp8.000 
2025-02-04;;;;;;;;Pengujian Keuring; Rp10.000 
2025-02-04;susi;861;Ciroyom;P;Rawat Jalan;Umum;Klinik KIA;Pemeriksaan Umum dan Konsultasi Pada Rawat Jalan; Rp8.000 
2025-02-04;;;;;;;;Pemeriksaan Laboratorium Rawat Jalan; Rp37.500 
2025-02-04;sherisa;863;Cikelet;P;Rawat Jalan;Umum;Klinik Umum;Pemeriksaan Umum dan Konsultasi Pada Rawat Jalan; Rp8.000 
2025-02-04;hirmansyah;864;Linggamanik;L;Rawat Jalan;Umum;Klinik Umum;Pemeriksaan Umum dan Konsultasi Pada Rawat Jalan; Rp8.000 
2025-02-04;;;;;;;;Pengujian Keuring; Rp10.000 
2025-02-04;hasbi;866;Cikelet;L;Rawat Jalan;Umum;Klinik Umum;Pemeriksaan Umum dan Konsultasi Pada Rawat Jalan; Rp8.000 
2025-02-04;;;;;;;;Pengujian Keuring; Rp10.000 
2025-02-04;marsel;868;Cikelet;L;Rawat Jalan;Umum;Klinik Gigi;Pemeriksaan Umum dan Konsultasi Pada Rawat Jalan; Rp8.000 
2025-02-04;hendi;869;Luar Wilayah;L;Rawat Jalan;Umum;Klinik Umum;Pemeriksaan Umum dan Konsultasi Pada Rawat Jalan; Rp8.000 
2025-02-04;;;;;;;;Pengujian Keuring; Rp10.000 
2025-02-04;;;;;;;;Pemeriksaan Laboratorium Rawat Jalan; Rp35.000 
2025-02-04;wulandari;872;Luar Wilayah;P;Rawat Jalan;Umum;Klinik Umum;Pemeriksaan Umum dan Konsultasi Pada Rawat Jalan; Rp8.000 
2025-02-04;;;;;;;;Tindakan Medik; Rp5.000 
2025-02-04;;;;;;;;Pengujian Keuring; Rp10.000 
2025-02-04;;;;;;;;Pemeriksaan Laboratorium Rawat Jalan; Rp35.000 
2025-02-04;ai memunah;876;Luar Wilayah;P;Rawat Jalan;Umum;Klinik Umum;Pemeriksaan Umum dan Konsultasi Pada Rawat Jalan; Rp8.000 
2025-02-04;sri ningsih;877;Pamalayan;P;Rawat Jalan;BPJS;Klinik Umum;Pengujian Keuring; Rp10.000 
2025-02-04;tasya;878;Luar Wilayah;P;Rawat Jalan;Umum;Klinik Umum;Pemeriksaan Umum dan Konsultasi Pada Rawat Jalan; Rp8.000 
2025-02-04;dewi;879;Pamalayan;P;Rawat Jalan;Umum;Klinik Umum;Pemeriksaan Umum dan Konsultasi Pada Rawat Jalan; Rp8.000 
2025-02-05;lisnawati;880;Tipar;P;Rawat Jalan;Umum;Klinik Umum;Pemeriksaan Umum dan Konsultasi Pada Rawat Jalan; Rp8.000 
2025-02-05;dalisha;881;Pamalayan;P;Rawat Jalan;Umum;Klinik Umum;Pemeriksaan Umum dan Konsultasi Pada Rawat Jalan; Rp8.000 
2025-02-05;ojo;882;Luar Wilayah;L;Rawat Inap;BPJS;Rawat Inap;Pemeriksaan Umum dan Konsultasi Pada UGD; Rp10.000 
2025-02-05;erna;883;Cikelet;P;Rawat Jalan;BPJS;Klinik Umum;Pengujian Keuring; Rp10.000 
2025-02-05;puspita;884;Luar Wilayah;P;Rawat Jalan;Umum;Klinik Umum;Pemeriksaan Umum dan Konsultasi Pada Rawat Jalan; Rp8.000 
2025-02-05;nuraisyah;885;Tipar;P;Rawat Jalan;Umum;Klinik KIA;Pemeriksaan Umum dan Konsultasi Pada Rawat Jalan; Rp8.000 
2025-02-05;;;;;;;;Pemeriksaan Laboratorium Rawat Jalan; Rp47.500 
2025-02-05;;;;;;;;Pemeriksaan KIA/KB/USG; Rp50.000 
2025-02-05;m alif;888;Cikelet;L;Rawat Jalan;Umum;Klinik Umum;Pemeriksaan Umum dan Konsultasi Pada Rawat Jalan; Rp8.000 
2025-02-05;imas;889;Luar Wilayah;P;Rawat Jalan;Umum;Klinik Umum;Pemeriksaan Umum dan Konsultasi Pada Rawat Jalan; Rp8.000 
2025-02-05;desatra;890;Pamalayan;P;Rawat Jalan;Umum;Klinik Umum;Pemeriksaan Umum dan Konsultasi Pada Rawat Jalan; Rp8.000 
2025-02-05;widiawati;891;Luar Wilayah;P;Rawat Jalan;Umum;Klinik KIA;Pemeriksaan Umum dan Konsultasi Pada Rawat Jalan; Rp8.000 
2025-02-05;;;;;;;;Pemeriksaan Laboratorium Rawat Jalan; Rp47.500 
2025-02-05;;;;;;;;Pemeriksaan KIA/KB/USG; Rp50.000 
2025-02-05;puput;894;Luar Wilayah;P;Rawat Jalan;BPJS;Klinik KIA;Pemeriksaan KIA/KB/USG; Rp50.000 
2025-02-05;abdul syukur;895;Luar Wilayah;L;Rawat Jalan;Umum;Klinik Umum;Pemeriksaan Umum dan Konsultasi Pada Rawat Jalan; Rp8.000 
2025-02-05;kalista;896;Luar Wilayah;P;Rawat Jalan;Umum;Klinik Umum;Pemeriksaan Umum dan Konsultasi Pada Rawat Jalan; Rp8.000 
2025-02-05;rida;897;Luar Wilayah;P;Rawat Jalan;Umum;Klinik Umum;Pemeriksaan Umum dan Konsultasi Pada Rawat Jalan; Rp8.000 
2025-02-05;sumartini;898;Cikelet;P;Rawat Jalan;Umum;Klinik Umum;Pemeriksaan Umum dan Konsultasi Pada Rawat Jalan; Rp8.000 
2025-02-05;zaina;899;Cijambe;P;Rawat Jalan;Umum;Klinik Umum;Pemeriksaan Umum dan Konsultasi Pada Rawat Jalan; Rp8.000 
2025-02-05;rusliah;900;Cijambe;P;Rawat Jalan;Umum;Klinik Umum;Pemeriksaan Umum dan Konsultasi Pada Rawat Jalan; Rp8.000 
2025-02-05;ijah;901;Cikelet;P;Rawat Jalan;Umum;Klinik Gigi;Pemeriksaan Umum dan Konsultasi Pada Rawat Jalan; Rp8.000 
2025-02-06;via;902;Luar Wilayah;P;Rawat Jalan;Umum;Klinik Umum;Pemeriksaan Umum dan Konsultasi Pada Rawat Jalan; Rp8.000 
2025-02-06;acah;903;Luar Wilayah;P;Rawat Jalan;Umum;Klinik Umum;Pemeriksaan Umum dan Konsultasi Pada Rawat Jalan; Rp8.000 
2025-02-06;endin;904;Cikelet;L;Rawat Jalan;Umum;Poli Lansia;Pemeriksaan Umum dan Konsultasi Pada Rawat Jalan; Rp8.000 
2025-02-06;;;;;;;;Pemeriksaan Laboratorium Rawat Jalan; Rp30.000 
2025-02-06;satria;906;Cijambe;L;Rawat Jalan;Umum;Klinik Umum;Pemeriksaan Umum dan Konsultasi Pada Rawat Jalan; Rp8.000 
2025-02-06;asti;907;Cijambe;P;Rawat Jalan;Umum;Klinik Umum;Pemeriksaan Umum dan Konsultasi Pada Rawat Jalan; Rp8.000 
2025-02-06;ardan;908;Cikelet;L;Rawat Jalan;Umum;Klinik Umum;Pemeriksaan Umum dan Konsultasi Pada Rawat Jalan; Rp8.000 
2025-02-06;;;;;;;;Pemeriksaan Laboratorium Rawat Jalan; Rp55.000 
2025-02-06;badrujaman;910;Luar Wilayah;L;Rawat Jalan;Umum;Klinik Umum;Pemeriksaan Umum dan Konsultasi Pada Rawat Jalan; Rp8.000 
2025-02-06;;;;;;;;Pengujian Keuring; Rp10.000 
2025-02-06;haikal;912;Cikelet;L;Rawat Jalan;Umum;Klinik Umum;Pemeriksaan Umum dan Konsultasi Pada Rawat Jalan; Rp8.000 
2025-02-06;raden;913;Cikelet;L;Rawat Jalan;Umum;Klinik Umum;Pemeriksaan Umum dan Konsultasi Pada Rawat Jalan; Rp8.000 
2025-02-06;talita;914;Luar Wilayah;P;Rawat Jalan;Umum;Klinik Umum;Pemeriksaan Umum dan Konsultasi Pada Rawat Jalan; Rp8.000 
2025-02-06;kaira;915;Luar Wilayah;P;Rawat Jalan;Umum;Klinik Umum;Pemeriksaan Umum dan Konsultasi Pada Rawat Jalan; Rp8.000 
2025-02-06;alkaira;916;Luar Wilayah;P;Rawat Jalan;Umum;Klinik Umum;Pemeriksaan Umum dan Konsultasi Pada Rawat Jalan; Rp8.000 
2025-02-06;kaka kaisa;917;Luar Wilayah;P;Rawat Jalan;Umum;Klinik Umum;Pemeriksaan Umum dan Konsultasi Pada Rawat Jalan; Rp8.000 
2025-02-06;azizah;918;Cikelet;P;Rawat Jalan;Umum;Klinik KIA;Pemeriksaan Umum dan Konsultasi Pada Rawat Jalan; Rp8.000 
2025-02-06;;;;;;;;Pemeriksaan Laboratorium Rawat Jalan; Rp10.000 
2025-02-06;abiyan;920;Luar Wilayah;L;Rawat Jalan;Umum;Klinik Umum;Pemeriksaan Umum dan Konsultasi Pada Rawat Jalan; Rp8.000 
2025-02-06;hanifah;921;Luar Wilayah;P;Rawat Jalan;Umum;Klinik Umum;Pemeriksaan Umum dan Konsultasi Pada Rawat Jalan; Rp8.000 
2025-02-06;yedi;922;Awassagara;L;Rawat Jalan;BPJS;Klinik Umum;Pengujian Keuring; Rp10.000 
2025-02-06;dzaki;923;Tipar;L;Rawat Jalan;Umum;Klinik Umum;Pemeriksaan Umum dan Konsultasi Pada Rawat Jalan; Rp8.000 
2025-02-06;nia;924;Tipar;P;Rawat Jalan;Umum;Klinik Umum;Pemeriksaan Umum dan Konsultasi Pada Rawat Jalan; Rp8.000 
2025-02-06;;;;;;;;Pengujian Keuring; Rp10.000 
2025-02-06;saepuloh;926;Awassagara;L;Rawat Jalan;Umum;Klinik Umum;Pemeriksaan Umum dan Konsultasi Pada Rawat Jalan; Rp8.000 
2025-02-06;maenah;927;Cikelet;P;Rawat Jalan;Umum;Klinik Umum;Pemeriksaan Umum dan Konsultasi Pada Rawat Jalan; Rp8.000 
2025-02-06;hadsah;928;Cikelet;P;Rawat Jalan;Umum;Klinik Umum;Pemeriksaan Umum dan Konsultasi Pada Rawat Jalan; Rp8.000 
2025-02-06;ugd;929;;;;;UGD;Penyediaan Obat dan BMHP Rawat Jalan; Rp15.000 
2025-02-07;nimah;930;Tipar;P;Rawat Jalan;Umum;Klinik Umum;Pemeriksaan Umum dan Konsultasi Pada Rawat Jalan; Rp8.000 
2025-02-07;sofwan;931;Pamalayan;L;Rawat Jalan;Umum;Klinik Gigi;Pemeriksaan Umum dan Konsultasi Pada Rawat Jalan; Rp8.000 
2025-02-07;ratna;932;Karangsari;P;Rawat Jalan;Umum;Klinik Umum;Pemeriksaan Umum dan Konsultasi Pada Rawat Jalan; Rp8.000 
2025-02-07;m hafiz;933;Ciroyom;L;Rawat Jalan;Umum;Klinik Gigi;Pemeriksaan Umum dan Konsultasi Pada Rawat Jalan; Rp8.000 
2025-02-07;rukaenah;934;Karangsari;L;Rawat Jalan;Umum;Klinik Umum;Pemeriksaan Umum dan Konsultasi Pada Rawat Jalan; Rp8.000 
2025-02-07;m ali;935;Luar Wilayah;L;Rawat Jalan;Umum;Klinik Umum;Pemeriksaan Umum dan Konsultasi Pada Rawat Jalan; Rp8.000 
2025-02-07;neneng;936;Luar Wilayah;P;Rawat Jalan;Umum;Klinik Umum;Pemeriksaan Umum dan Konsultasi Pada Rawat Jalan; Rp8.000 
2025-02-07;inawati;937;Luar Wilayah;P;Rawat Jalan;Umum;Klinik Umum;Pemeriksaan Umum dan Konsultasi Pada Rawat Jalan; Rp8.000 
2025-02-07;algi;938;Tipar;L;Rawat Jalan;Umum;Klinik Umum;Pemeriksaan Umum dan Konsultasi Pada Rawat Jalan; Rp8.000 
2025-02-07;dita;939;Cikelet;P;Rawat Jalan;Umum;UGD;Pemeriksaan Umum dan Konsultasi Pada UGD; Rp10.000 
2025-02-07;;;;;;;;Tindakan Medik; Rp45.000 
2025-02-07;;;;;;;;Penyediaan Obat dan BMHP Rawat Jalan; Rp15.000 
2025-02-07;lilis;942;Luar Wilayah;P;Rawat Jalan;Umum;Klinik Umum;Pemeriksaan Umum dan Konsultasi Pada Rawat Jalan; Rp8.000 
2025-02-07;m hajik;943;Cikelet;L;Rawat Jalan;Umum;Klinik Umum;Pemeriksaan Umum dan Konsultasi Pada Rawat Jalan; Rp8.000 
2025-02-07;gita;944;Luar Wilayah;P;Rawat Jalan;Umum;Klinik Umum;Pemeriksaan Umum dan Konsultasi Pada Rawat Jalan; Rp8.000 
2025-02-07;alfi;945;Karangsari;P;Rawat Jalan;Umum;Klinik Umum;Pemeriksaan Umum dan Konsultasi Pada Rawat Jalan; Rp8.000 
2025-02-07;arhan;946;Tipar;L;Rawat Jalan;Umum;Klinik Umum;Pemeriksaan Umum dan Konsultasi Pada Rawat Jalan; Rp8.000 
2025-02-07;sri dewi;947;Pamalayan;P;Rawat Jalan;BPJS;Klinik KIA;Pemeriksaan KIA/KB/USG; Rp50.000 
2025-02-07;m hafiz;948;;;;;;Pemeriksaan Gigi & Mulut; Rp50.000 
2025-02-08;vina;949;Luar Wilayah;P;Rawat Jalan;Umum;Klinik Umum;Pemeriksaan Umum dan Konsultasi Pada Rawat Jalan; Rp8.000 
2025-02-08;regita;950;Linggamanik;P;Rawat Jalan;Umum;Klinik Umum;Pemeriksaan Umum dan Konsultasi Pada Rawat Jalan; Rp8.000 
2025-02-08;azril;951;Cikelet;L;Rawat Jalan;Umum;Klinik Umum;Pemeriksaan Umum dan Konsultasi Pada Rawat Jalan; Rp8.000 
2025-02-08;mimin;952;Luar Wilayah;P;Rawat Inap;BPJS;Rawat Inap;Pemeriksaan Umum dan Konsultasi Pada UGD; Rp10.000 
2025-02-08;lina;953;Cijambe;P;Rawat Jalan;Umum;Klinik Umum;Pemeriksaan Umum dan Konsultasi Pada Rawat Jalan; Rp8.000 
2025-02-08;dea;954;Pamalayan;P;Rawat Jalan;Umum;Klinik Umum;Pemeriksaan Umum dan Konsultasi Pada Rawat Jalan; Rp8.000 
2025-02-08;nurmaningsih;955;Luar Wilayah;P;Rawat Jalan;Umum;Klinik Umum;Pemeriksaan Umum dan Konsultasi Pada Rawat Jalan; Rp8.000 
2025-02-08;m rafael;956;Cikelet;L;Rawat Jalan;Umum;Klinik Umum;Pemeriksaan Umum dan Konsultasi Pada Rawat Jalan; Rp8.000 
2025-02-08;fajar;957;Luar Wilayah;L;Rawat Jalan;Umum;Klinik Umum;Pemeriksaan Umum dan Konsultasi Pada Rawat Jalan; Rp8.000 
2025-02-08;;;;;;;;Pengujian Keuring; Rp10.000 
2025-02-08;nurjanah;959;Luar Wilayah;P;Rawat Jalan;Umum;Klinik Umum;Pemeriksaan Umum dan Konsultasi Pada Rawat Jalan; Rp8.000 
2025-02-08;;;;;;;;Pemeriksaan Laboratorium Rawat Jalan; Rp30.000 
2025-02-08;m restu;961;Cikelet;P;Rawat Jalan;Umum;Klinik Umum;Pemeriksaan Umum dan Konsultasi Pada Rawat Jalan; Rp8.000 
2025-02-08;mira;962;Luar Wilayah;P;Rawat Jalan;Umum;Klinik KIA;Pemeriksaan Umum dan Konsultasi Pada Rawat Jalan; Rp8.000 
2025-02-08;;;;;;;;Pemeriksaan Laboratorium Rawat Inap; Rp47.500 
2025-02-08;;;;;;;;Pemeriksaan KIA/KB/USG; Rp50.000 
2025-02-08;lilis;965;Luar Wilayah;P;Rawat Jalan;Umum;Klinik Umum;Pemeriksaan Umum dan Konsultasi Pada Rawat Jalan; Rp8.000 
2025-02-08;aceng;966;Cikelet;L;Rawat Jalan;Umum;Klinik Umum;Pemeriksaan Umum dan Konsultasi Pada Rawat Jalan; Rp8.000 
2025-02-08;rama;967;Luar Wilayah;L;Rawat Jalan;Umum;Klinik Umum;Pemeriksaan Umum dan Konsultasi Pada Rawat Jalan; Rp8.000 
2025-02-10;siti;968;Cikelet;P;Rawat Jalan;Umum;UGD;Pemeriksaan Umum dan Konsultasi Pada UGD; Rp10.000 
2025-02-10;;;;;;;;Tindakan Medik; Rp20.000 
2025-02-10;;;;;;;;Penyediaan Obat dan BMHP Rawat Jalan; Rp15.000 
2025-02-10;siti nurhayati;971;Cikelet;P;Rawat Jalan;Umum;UGD;Pemeriksaan Umum dan Konsultasi Pada UGD; Rp10.000 
2025-02-10;obar;972;Cikelet;L;Rawat Jalan;Umum;UGD;Pemeriksaan Umum dan Konsultasi Pada UGD; Rp10.000 
2025-02-10;;;;;;;;Tindakan Medik; Rp20.000 
2025-02-10;dirga;974;Cikelet;L;Rawat Jalan;Umum;UGD;Pemeriksaan Umum dan Konsultasi Pada UGD; Rp10.000 
2025-02-10;rima;975;Cikelet;P;Rawat Jalan;Umum;UGD;Pemeriksaan Umum dan Konsultasi Pada UGD; Rp10.000 
2025-02-10;sri;976;Cikelet;P;Rawat Jalan;Umum;UGD;Pemeriksaan Umum dan Konsultasi Pada UGD; Rp10.000 
2025-02-10;naira;977;Cikelet;P;Rawat Jalan;Umum;UGD;Pemeriksaan Umum dan Konsultasi Pada UGD; Rp10.000 
2025-02-10;sunandar;978;Luar Wilayah;L;Rawat Jalan;Umum;Klinik Umum;Pemeriksaan Umum dan Konsultasi Pada Rawat Jalan; Rp8.000 
2025-02-10;anisah;979;Pamalayan;P;Rawat Jalan;Umum;Klinik KIA;Pemeriksaan Umum dan Konsultasi Pada Rawat Jalan; Rp8.000 
2025-02-10;dias;980;Cijambe;L;Rawat Jalan;Umum;Klinik Umum;Pemeriksaan Umum dan Konsultasi Pada Rawat Jalan; Rp8.000 
2025-02-10;fazril;981;Pamalayan;L;Rawat Jalan;Umum;Klinik Umum;Pemeriksaan Umum dan Konsultasi Pada Rawat Jalan; Rp8.000 
2025-02-10;enung;982;Luar Wilayah;P;Rawat Jalan;Umum;Klinik Umum;Pemeriksaan Umum dan Konsultasi Pada Rawat Jalan; Rp8.000 
2025-02-10;elvan;983;Luar Wilayah;L;Rawat Jalan;Umum;Klinik Umum;Pemeriksaan Umum dan Konsultasi Pada Rawat Jalan; Rp8.000 
2025-02-10;azka;984;Cikelet;L;Rawat Jalan;Umum;Klinik Umum;Pemeriksaan Umum dan Konsultasi Pada UGD; Rp10.000 
2025-02-10;risma;985;Ciroyom;P;Rawat Jalan;Umum;Klinik Umum;Pemeriksaan Umum dan Konsultasi Pada Rawat Jalan; Rp8.000 
2025-02-10;sunandar;986;;;;;;Pemeriksaan Laboratorium Rawat Jalan; Rp25.000 
2025-02-10;dewi;987;Pamalayan;P;Rawat Jalan;Umum;Klinik Umum;Pemeriksaan Umum dan Konsultasi Pada Rawat Jalan; Rp8.000 
2025-02-10;asep jamaludin;988;Cikelet;L;Rawat Jalan;Umum;Klinik Umum;Pemeriksaan Umum dan Konsultasi Pada Rawat Jalan; Rp8.000 
2025-02-10;azura;989;Cikelet;P;Rawat Jalan;Umum;Klinik Umum;Pemeriksaan Umum dan Konsultasi Pada Rawat Jalan; Rp8.000 
2025-02-10;risa;990;Ciroyom;P;Rawat Jalan;Umum;Klinik KIA;Pemeriksaan Umum dan Konsultasi Pada Rawat Jalan; Rp8.000 
2025-02-10;;;;;;;;Pemeriksaan KIA/KB/USG; Rp50.000 
2025-02-10;;;;;;;;Pemeriksaan Laboratorium Rawat Jalan; Rp72.500 
2025-02-10;hilyatul;993;Cikelet;P;Rawat Jalan;Umum;Klinik Umum;Pemeriksaan Umum dan Konsultasi Pada Rawat Jalan; Rp8.000 
2025-02-10;nenk puspita;994;Luar Wilayah;P;Rawat Jalan;Umum;Klinik Umum;Pemeriksaan Umum dan Konsultasi Pada Rawat Jalan; Rp8.000 
2025-02-10;alifa;995;Cikelet;P;Rawat Jalan;Umum;Klinik Umum;Pemeriksaan Umum dan Konsultasi Pada Rawat Jalan; Rp8.000 
2025-02-10;nesya;996;Luar Wilayah;P;Rawat Jalan;Umum;Klinik Umum;Pemeriksaan Umum dan Konsultasi Pada Rawat Jalan; Rp8.000 
2025-02-10;dea;997;Cikelet;P;Rawat Jalan;Umum;Klinik Umum;Pemeriksaan Umum dan Konsultasi Pada Rawat Jalan; Rp8.000 
2025-02-10;widia;998;Pamalayan;P;Rawat Jalan;Umum;Klinik KIA;Pemeriksaan Umum dan Konsultasi Pada Rawat Jalan; Rp8.000 
2025-02-10;susi;999;Cikelet;P;Rawat Jalan;Umum;Klinik Umum;Pemeriksaan Umum dan Konsultasi Pada Rawat Jalan; Rp8.000 
2025-02-10;kunaepi;1000;Luar Wilayah;L;Rawat Jalan;Umum;Klinik Umum;Pemeriksaan Umum dan Konsultasi Pada Rawat Jalan; Rp8.000 
2025-02-10;rostika;1001;Luar Wilayah;P;Rawat Jalan;Umum;Klinik KIA;Pemeriksaan Umum dan Konsultasi Pada Rawat Jalan; Rp8.000 
2025-02-10;;;;;;;;Pemeriksaan Laboratorium Rawat Jalan; Rp72.500 
2025-02-10;yusti;1003;Linggamanik;P;Rawat Jalan;Umum;Klinik Umum;Pemeriksaan Umum dan Konsultasi Pada Rawat Jalan; Rp8.000 
2025-02-10;;;;;;;;Tindakan Medik; Rp5.000 
2025-02-10;;;;;;;;Pengujian Keuring; Rp10.000 
2025-02-10;;;;;;;;Pemeriksaan Laboratorium Rawat Jalan; Rp35.000 
2025-02-10;padilah;1007;Luar Wilayah;P;Rawat Jalan;Umum;Klinik KIA;Pemeriksaan Umum dan Konsultasi Pada Rawat Jalan; Rp8.000 
2025-02-10;;;;;;;;Pemeriksaan Laboratorium Rawat Jalan; Rp60.000 
2025-02-10;;;;;;;;Pemeriksaan KIA/KB/USG; Rp50.000 
2025-02-10;rizal;1010;Luar Wilayah;L;Rawat Jalan;Umum;Klinik Umum;Pemeriksaan Umum dan Konsultasi Pada Rawat Jalan; Rp8.000 
2025-02-10;;;;;;;;Pemeriksaan Laboratorium Rawat Jalan; Rp30.000 
2025-02-10;m fadlan;1012;Luar Wilayah;L;Rawat Jalan;Umum;Klinik Umum;Pemeriksaan Umum dan Konsultasi Pada Rawat Jalan; Rp8.000 
2025-02-10;ucu;1013;Cijambe;P;Rawat Jalan;Umum;Klinik Umum;Pemeriksaan Umum dan Konsultasi Pada Rawat Jalan; Rp8.000 
2025-02-10;mimar;1014;Cikelet;P;Rawat Jalan;Umum;Klinik Umum;Pemeriksaan Umum dan Konsultasi Pada Rawat Jalan; Rp8.000 
2025-02-10;nesya;1015;;;;;;Pemeriksaan Laboratorium Rawat Jalan; Rp10.000 
2025-02-11;ali zaenal;1016;Luar Wilayah;L;Rawat Jalan;Umum;Klinik Umum;Pemeriksaan Umum dan Konsultasi Pada Rawat Jalan; Rp8.000 
2025-02-11;rayanza;1017;Cikelet;L;Rawat Jalan;Umum;UGD;Pemeriksaan Umum dan Konsultasi Pada UGD; Rp10.000 
2025-02-11;silmi;1018;Cikelet;P;Rawat Jalan;Umum;UGD;Pemeriksaan Umum dan Konsultasi Pada UGD; Rp10.000 
2025-02-11;restu;1019;Cikelet;P;Rawat Jalan;Umum;UGD;Pemeriksaan Umum dan Konsultasi Pada UGD; Rp10.000 
2025-02-11;faiz;1020;Luar Wilayah;L;Rawat Jalan;Umum;Klinik Umum;Pemeriksaan Umum dan Konsultasi Pada Rawat Jalan; Rp8.000 
2025-02-11;alisa;1021;Luar Wilayah;P;Rawat Jalan;Umum;Klinik Umum;Pemeriksaan Umum dan Konsultasi Pada Rawat Jalan; Rp8.000 
2025-02-11;rohaeti;1022;Cijambe;P;Rawat Jalan;Umum;Klinik Umum;Pemeriksaan Umum dan Konsultasi Pada Rawat Jalan; Rp8.000 
2025-02-11;anggi;1023;Awassagara;L;Rawat Jalan;Umum;Klinik Umum;Pemeriksaan Umum dan Konsultasi Pada Rawat Jalan; Rp8.000 
2025-02-11;;;;;;;;Pengujian Keuring; Rp10.000 
2025-02-11;enung;1025;Cikelet;P;Rawat Jalan;Umum;Klinik Umum;Pemeriksaan Umum dan Konsultasi Pada Rawat Jalan; Rp8.000 
2025-02-11;aep;1026;Linggamanik;L;Rawat Jalan;Umum;Klinik Umum;Pemeriksaan Umum dan Konsultasi Pada Rawat Jalan; Rp8.000 
2025-02-11;kahel;1027;Tipar;L;Rawat Jalan;Umum;Klinik Umum;Pemeriksaan Umum dan Konsultasi Pada Rawat Jalan; Rp8.000 
2025-02-11;kenzi;1028;Linggamanik;L;Rawat Jalan;Umum;Klinik Umum;Pemeriksaan Umum dan Konsultasi Pada Rawat Jalan; Rp8.000 
2025-02-11;supartini;1029;Cikelet;P;Rawat Jalan;Umum;Klinik Umum;Pemeriksaan Umum dan Konsultasi Pada Rawat Jalan; Rp8.000 
2025-02-11;wardilah;1030;Ciroyom;P;Rawat Jalan;Umum;Klinik Umum;Pemeriksaan Umum dan Konsultasi Pada Rawat Jalan; Rp8.000 
2025-02-11;asep;1031;Pamalayan;L;Rawat Jalan;Umum;Klinik Gigi;Pemeriksaan Umum dan Konsultasi Pada Rawat Jalan; Rp8.000 
2025-02-11;;;;;;;;Pemeriksaan Gigi & Mulut; Rp100.000 
2025-02-11;ai rohimah;1033;Awassagara;P;Rawat Jalan;Umum;Klinik KIA;Pemeriksaan Umum dan Konsultasi Pada Rawat Jalan; Rp8.000 
2025-02-11;;;;;;;;Pemeriksaan Laboratorium Rawat Jalan; Rp72.500 
2025-02-11;sri putri;1035;Pamalayan;P;Rawat Jalan;Umum;Klinik KIA;Pemeriksaan Umum dan Konsultasi Pada Rawat Jalan; Rp8.000 
2025-02-11;;;;;;;;Pemeriksaan Laboratorium Rawat Jalan; Rp47.500 
2025-02-11;resta;1037;Ciroyom;L;Rawat Jalan;Umum;Klinik Umum;Pemeriksaan Umum dan Konsultasi Pada Rawat Jalan; Rp8.000 
2025-02-11;;;;;;;;Pengujian Keuring; Rp10.000 
2025-02-11;novia;1039;Cikelet;P;Rawat Inap;BPJS;PONED;Pelayanan Rujukan Pasien; Rp25.000 
2025-02-11;kenjay;1040;Pamalayan;L;Rawat Jalan;Umum;Klinik Umum;Pemeriksaan Umum dan Konsultasi Pada Rawat Jalan; Rp8.000 
2025-02-11;alia;1041;Cikelet;P;Rawat Jalan;Umum;Klinik Umum;Pemeriksaan Umum dan Konsultasi Pada Rawat Jalan; Rp8.000 
2025-02-11;ai sumiati;1042;Cikelet;P;Rawat Jalan;Umum;Klinik KIA;Pemeriksaan Umum dan Konsultasi Pada Rawat Jalan; Rp8.000 
2025-02-11;;;;;;;;Pemeriksaan Laboratorium Rawat Jalan; Rp47.500 
2025-02-11;m alfaisal;1044;Luar Wilayah;L;Rawat Jalan;Umum;Klinik Umum;Pemeriksaan Umum dan Konsultasi Pada Rawat Jalan; Rp8.000 
2025-02-11;azahra;1045;Cijambe;P;Rawat Jalan;Umum;Klinik Umum;Pemeriksaan Umum dan Konsultasi Pada Rawat Jalan; Rp8.000 
2025-02-11;farhan;1046;Cijambe;L;Rawat Jalan;Umum;Klinik Umum;Pemeriksaan Umum dan Konsultasi Pada Rawat Jalan; Rp8.000 
2025-02-11;sumali;1047;Luar Wilayah;L;Rawat Jalan;Umum;Klinik Umum;Pemeriksaan Umum dan Konsultasi Pada Rawat Jalan; Rp8.000 
2025-02-11;alvaro;1048;Luar Wilayah;L;Rawat Jalan;Umum;Klinik Umum;Pemeriksaan Umum dan Konsultasi Pada Rawat Jalan; Rp8.000 
2025-02-11;elim,;1049;Luar Wilayah;L;Rawat Jalan;Umum;Klinik Umum;Pemeriksaan Umum dan Konsultasi Pada Rawat Jalan; Rp8.000 
2025-02-11;yosep;1050;Cikelet;L;Rawat Jalan;Umum;Klinik Umum;Pemeriksaan Umum dan Konsultasi Pada Rawat Jalan; Rp8.000 
2025-02-12;zaki;1051;Cikelet;L;Rawat Jalan;Umum;Klinik Umum;Pemeriksaan Umum dan Konsultasi Pada Rawat Jalan; Rp8.000 
2025-02-12;andi;1052;Luar Wilayah;L;Rawat Jalan;BPJS;Klinik Umum;Pengujian Keuring; Rp10.000 
2025-02-12;azkia;1053;Luar Wilayah;P;Rawat Jalan;Umum;Klinik Gigi;Pemeriksaan Umum dan Konsultasi Pada Rawat Jalan; Rp8.000 
2025-02-12;marlin;1054;Cikelet;P;Rawat Inap;BPJS;Rawat Inap;Pemeriksaan Umum dan Konsultasi Pada UGD; Rp10.000 
2025-02-12;oom;1055;Luar Wilayah;P;Rawat Jalan;Umum;Klinik Umum;Pemeriksaan Umum dan Konsultasi Pada Rawat Jalan; Rp8.000 
2025-02-12;mauren;1056;Cikelet;P;Rawat Jalan;Umum;Klinik Umum;Pemeriksaan Umum dan Konsultasi Pada Rawat Jalan; Rp8.000 
2025-02-12;tita;1057;Luar Wilayah;P;Rawat Jalan;Umum;Klinik KIA;Pemeriksaan Umum dan Konsultasi Pada Rawat Jalan; Rp8.000 
2025-02-12;;;;;;;;Pemeriksaan Laboratorium Rawat Jalan; Rp60.000 
2025-02-12;akbar;1059;Cikelet;L;Rawat Jalan;Umum;Klinik Umum;Pemeriksaan Umum dan Konsultasi Pada Rawat Jalan; Rp8.000 
2025-02-12;m naza;1060;Cijambe;L;Rawat Jalan;Umum;Klinik Umum;Pemeriksaan Umum dan Konsultasi Pada Rawat Jalan; Rp8.000 
2025-02-12;santi;1061;Luar Wilayah;P;Rawat Jalan;Umum;Klinik KIA;Pemeriksaan Umum dan Konsultasi Pada Rawat Jalan; Rp8.000 
2025-02-12;;;;;;;;Pemeriksaan KIA/KB/USG; Rp50.000 
2025-02-12;;;;;;;;Pemeriksaan Laboratorium Rawat Jalan; Rp72.500 
2025-02-12;mutiara;1064;Tipar;P;Rawat Jalan;Umum;Klinik Umum;Pemeriksaan Umum dan Konsultasi Pada Rawat Jalan; Rp8.000 
2025-02-12;krisa;1065;Luar Wilayah;P;Rawat Jalan;Umum;Klinik Umum;Pemeriksaan Umum dan Konsultasi Pada Rawat Jalan; Rp8.000 
2025-02-12;;;;;;;;Pengujian Keuring; Rp10.000 
2025-02-12;leni;1067;Luar Wilayah;P;Rawat Jalan;Umum;Klinik Umum;Pemeriksaan Umum dan Konsultasi Pada Rawat Jalan; Rp8.000 
2025-02-12;;;;;;;;Pengujian Keuring; Rp10.000 
2025-02-12;diana;1069;Luar Wilayah;P;Rawat Jalan;Umum;Klinik Umum;Pemeriksaan Umum dan Konsultasi Pada Rawat Jalan; Rp8.000 
2025-02-12;gandi;1070;Cikelet;L;Rawat Jalan;Umum;Klinik Umum;Pemeriksaan Umum dan Konsultasi Pada Rawat Jalan; Rp8.000 
2025-02-12;;;;;;;;Pengujian Keuring; Rp10.000 
2025-02-12;hilpa;1072;Ciroyom;P;Rawat Jalan;BPJS;Klinik KIA;Pemeriksaan KIA/KB/USG; Rp50.000 
2025-02-12;siti fatimah;1073;Luar Wilayah;P;Rawat Jalan;Umum;Klinik Umum;Pemeriksaan Umum dan Konsultasi Pada Rawat Jalan; Rp8.000 
2025-02-12;gandi;1074;;;;;;Pemeriksaan Laboratorium Rawat Jalan; Rp25.000 
2025-02-13;indra;1075;Luar Wilayah;L;Rawat Jalan;Umum;UGD;Pemeriksaan Umum dan Konsultasi Pada UGD; Rp10.000 
2025-02-13;;;;;;;;Tindakan Medik; Rp50.000 
2025-02-13;;;;;;;;Penyediaan Obat dan BMHP Rawat Jalan; Rp30.000 
2025-02-13;mirza;1078;Luar Wilayah;L;Rawat Jalan;Umum;Klinik Umum;Pemeriksaan Umum dan Konsultasi Pada Rawat Jalan; Rp8.000 
2025-02-13;akmal;1079;Luar Wilayah;L;Rawat Jalan;Umum;Klinik Umum;Pemeriksaan Umum dan Konsultasi Pada Rawat Jalan; Rp8.000 
2025-02-13;jajang;1080;Luar Wilayah;L;Rawat Jalan;Umum;Poli Lansia;Pemeriksaan Umum dan Konsultasi Pada Rawat Jalan; Rp8.000 
2025-02-13;nenah;1081;Cijambe;P;Rawat Jalan;Umum;Klinik Umum;Pemeriksaan Umum dan Konsultasi Pada Rawat Jalan; Rp8.000 
2025-02-13;nazwa;1082;Luar Wilayah;P;Rawat Jalan;Umum;Klinik Umum;Pemeriksaan Umum dan Konsultasi Pada Rawat Jalan; Rp8.000 
2025-02-13;cinta;1083;Linggamanik;P;Rawat Jalan;Umum;Klinik KIA;Pemeriksaan Umum dan Konsultasi Pada Rawat Jalan; Rp8.000 
2025-02-13;;;;;;;;Pemeriksaan KIA/KB/USG; Rp25.000 
2025-02-13;siti dawiyah;1085;Linggamanik;P;Rawat Jalan;Umum;Klinik KIA;Pemeriksaan Umum dan Konsultasi Pada Rawat Jalan; Rp8.000 
2025-02-13;;;;;;;;Pemeriksaan KIA/KB/USG; Rp25.000 
2025-02-13;letari;1087;Linggamanik;P;Rawat Jalan;Umum;Klinik KIA;Pemeriksaan Umum dan Konsultasi Pada Rawat Jalan; Rp8.000 
2025-02-13;;;;;;;;Pemeriksaan KIA/KB/USG; Rp25.000 
2025-02-13;ropiah;1089;Linggamanik;P;Rawat Jalan;Umum;Klinik KIA;Pemeriksaan Umum dan Konsultasi Pada Rawat Jalan; Rp8.000 
2025-02-13;;;;;;;;Pemeriksaan KIA/KB/USG; Rp25.000 
2025-02-13;devi;1091;Linggamanik;P;Rawat Jalan;Umum;Klinik KIA;Pemeriksaan Umum dan Konsultasi Pada Rawat Jalan; Rp8.000 
2025-02-13;;;;;;;;Pemeriksaan KIA/KB/USG; Rp25.000 
2025-02-13;een;1093;Linggamanik;P;Rawat Jalan;Umum;Klinik KIA;Pemeriksaan Umum dan Konsultasi Pada Rawat Jalan; Rp8.000 
2025-02-13;;;;;;;;Pemeriksaan KIA/KB/USG; Rp25.000 
2025-02-13;iyah;1095;Luar Wilayah;P;Rawat Jalan;Umum;Klinik Umum;Pemeriksaan Umum dan Konsultasi Pada Rawat Jalan; Rp8.000 
2025-02-13;irnawati;1096;Linggamanik;P;Rawat Jalan;Umum;Klinik KIA;Pemeriksaan Umum dan Konsultasi Pada Rawat Jalan; Rp8.000 
2025-02-13;;;;;;;;Pemeriksaan KIA/KB/USG; Rp25.000 
2025-02-13;lilis;1098;Linggamanik;P;Rawat Jalan;Umum;Klinik KIA;Pemeriksaan Umum dan Konsultasi Pada Rawat Jalan; Rp8.000 
2025-02-13;;;;;;;;Pemeriksaan KIA/KB/USG; Rp25.000 
2025-02-13;lisna;1100;Linggamanik;P;Rawat Jalan;Umum;Klinik KIA;Pemeriksaan Umum dan Konsultasi Pada Rawat Jalan; Rp8.000 
2025-02-13;;;;;;;;Pemeriksaan KIA/KB/USG; Rp25.000 
2025-02-13;euis;1102;Linggamanik;P;Rawat Jalan;Umum;Klinik KIA;Pemeriksaan Umum dan Konsultasi Pada Rawat Jalan; Rp8.000 
2025-02-13;;;;;;;;Pemeriksaan KIA/KB/USG; Rp25.000 
2025-02-13;ade;1104;Linggamanik;P;Rawat Jalan;Umum;Klinik KIA;Pemeriksaan Umum dan Konsultasi Pada Rawat Jalan; Rp8.000 
2025-02-13;;;;;;;;Pemeriksaan KIA/KB/USG; Rp25.000 
2025-02-13;yuliani;1106;Linggamanik;P;Rawat Jalan;Umum;Klinik Umum;Pemeriksaan Umum dan Konsultasi Pada Rawat Jalan; Rp8.000 
2025-02-13;herni;1107;Linggamanik;P;Rawat Jalan;Umum;Klinik Umum;Pemeriksaan Umum dan Konsultasi Pada Rawat Jalan; Rp8.000 
2025-02-13;ai rismawati;1108;Linggamanik;P;Rawat Jalan;Umum;Klinik Umum;Pemeriksaan Umum dan Konsultasi Pada Rawat Jalan; Rp8.000 
2025-02-13;herni;1109;Linggamanik;P;Rawat Jalan;Umum;Klinik Umum;Pemeriksaan Umum dan Konsultasi Pada Rawat Jalan; Rp8.000 
2025-02-13;lilis;1110;Linggamanik;P;Rawat Jalan;Umum;Klinik Umum;Pemeriksaan Umum dan Konsultasi Pada Rawat Jalan; Rp8.000 
2025-02-13;nimah;1111;Linggamanik;P;Rawat Jalan;Umum;Klinik Umum;Pemeriksaan Umum dan Konsultasi Pada Rawat Jalan; Rp8.000 
2025-02-13;bunyamin;1112;Linggamanik;L;Rawat Jalan;Umum;Klinik Umum;Pemeriksaan Umum dan Konsultasi Pada Rawat Jalan; Rp8.000 
2025-02-13;siti masitoh;1113;Ciroyom;P;Rawat Jalan;Umum;Klinik KIA;Pemeriksaan Umum dan Konsultasi Pada Rawat Jalan; Rp8.000 
2025-02-13;;;;;;;;Pemeriksaan KIA/KB/USG; Rp25.000 
2025-02-13;marlina;1115;Ciroyom;P;Rawat Jalan;Umum;Klinik KIA;Pemeriksaan Umum dan Konsultasi Pada Rawat Jalan; Rp8.000 
2025-02-13;;;;;;;;Pemeriksaan KIA/KB/USG; Rp25.000 
2025-02-13;nuryanti;1117;Ciroyom;P;Rawat Jalan;Umum;Klinik KIA;Pemeriksaan Umum dan Konsultasi Pada Rawat Jalan; Rp8.000 
2025-02-13;;;;;;;;Pemeriksaan KIA/KB/USG; Rp25.000 
2025-02-13;rika;1119;Ciroyom;P;Rawat Jalan;Umum;Klinik KIA;Pemeriksaan Umum dan Konsultasi Pada Rawat Jalan; Rp8.000 
2025-02-13;;;;;;;;Pemeriksaan KIA/KB/USG; Rp25.000 
2025-02-13;yeni;1121;Ciroyom;P;Rawat Jalan;Umum;Klinik KIA;Pemeriksaan Umum dan Konsultasi Pada Rawat Jalan; Rp8.000 
2025-02-13;;;;;;;;Pemeriksaan KIA/KB/USG; Rp25.000 
2025-02-13;naila;1123;Ciroyom;P;Rawat Jalan;Umum;Klinik KIA;Pemeriksaan Umum dan Konsultasi Pada Rawat Jalan; Rp8.000 
2025-02-13;;;;;;;;Pemeriksaan KIA/KB/USG; Rp25.000 
2025-02-13;hilda;1125;Ciroyom;P;Rawat Jalan;Umum;Klinik KIA;Pemeriksaan Umum dan Konsultasi Pada Rawat Jalan; Rp8.000 
2025-02-13;;;;;;;;Pemeriksaan KIA/KB/USG; Rp25.000 
2025-02-13;leni;1127;Ciroyom;P;Rawat Jalan;Umum;Klinik KIA;Pemeriksaan Umum dan Konsultasi Pada Rawat Jalan; Rp8.000 
2025-02-13;;;;;;;;Pemeriksaan KIA/KB/USG; Rp25.000 
2025-02-13;ai wahyuni;1129;Ciroyom;P;Rawat Jalan;Umum;Klinik KIA;Pemeriksaan Umum dan Konsultasi Pada Rawat Jalan; Rp8.000 
2025-02-13;;;;;;;;Pemeriksaan KIA/KB/USG; Rp25.000 
2025-02-13;naseh;1131;Pamalayan;L;Rawat Jalan;Umum;Klinik Umum;Pemeriksaan Umum dan Konsultasi Pada Rawat Jalan; Rp8.000 
2025-02-13;armi;1132;Pamalayan;P;Rawat Jalan;Umum;Klinik Umum;Pemeriksaan Umum dan Konsultasi Pada Rawat Jalan; Rp8.000 
2025-02-13;rio;1133;Luar Wilayah;L;Rawat Jalan;Umum;UGD;Pemeriksaan Umum dan Konsultasi Pada UGD; Rp10.000 
2025-02-13;;;;;;;;Tindakan Medik; Rp25.000 
2025-02-13;sopiah;1135;Linggamanik;P;Rawat Jalan;Umum;Klinik Umum;Pemeriksaan Umum dan Konsultasi Pada Rawat Jalan; Rp8.000 
2025-02-13;irma;1136;Pamalayan;P;Rawat Jalan;Umum;Klinik Umum;Pemeriksaan Umum dan Konsultasi Pada Rawat Jalan; Rp8.000 
2025-02-13;repi;1137;Luar Wilayah;P;Rawat Jalan;Umum;Klinik Umum;Pemeriksaan Umum dan Konsultasi Pada Rawat Jalan; Rp8.000 
2025-02-13;ilis;1138;Ciroyom;P;Rawat Jalan;Umum;Klinik KIA;Pemeriksaan Umum dan Konsultasi Pada Rawat Jalan; Rp8.000 
2025-02-13;;;;;;;;Pemeriksaan KIA/KB/USG; Rp25.000 
2025-02-13;bayu;1140;Linggamanik;L;Rawat Jalan;Umum;Klinik Umum;Pemeriksaan Umum dan Konsultasi Pada Rawat Jalan; Rp8.000 
2025-02-13;andi;1141;Linggamanik;L;Rawat Jalan;Umum;Klinik Umum;Pemeriksaan Umum dan Konsultasi Pada Rawat Jalan; Rp8.000 
2025-02-13;al fatih;1142;Ciroyom;L;Rawat Jalan;Umum;Klinik Umum;Pemeriksaan Umum dan Konsultasi Pada Rawat Jalan; Rp8.000 
2025-02-13;septiani;1143;Awassagara;P;Rawat Jalan;Umum;Klinik Umum;Pemeriksaan Umum dan Konsultasi Pada Rawat Jalan; Rp8.000 
2025-02-13;aas;1144;Luar Wilayah;P;Rawat Jalan;Umum;Klinik KIA;Pemeriksaan Umum dan Konsultasi Pada Rawat Jalan; Rp8.000 
2025-02-13;;;;;;;;Pemeriksaan Laboratorium Rawat Jalan; Rp72.500 
2025-02-13;;;;;;;;Pemeriksaan KIA/KB/USG; Rp50.000 
2025-02-13;memo;1147;Cikelet;L;Rawat Jalan;Umum;Poli Lansia;Pemeriksaan Umum dan Konsultasi Pada Rawat Jalan; Rp8.000 
2025-02-13;dede sani;1148;Linggamanik;L;Rawat Jalan;Umum;Klinik Umum;Pemeriksaan Umum dan Konsultasi Pada Rawat Jalan; Rp8.000 
2025-02-13;;;;;;;;Pengujian Keuring; Rp10.000 
2025-02-13;den zema;1150;Cijambe;L;Rawat Jalan;Umum;Klinik Umum;Pemeriksaan Umum dan Konsultasi Pada Rawat Jalan; Rp8.000 
2025-02-14;salsa;1151;Luar Wilayah;P;Rawat Inap;Umum;Rawat Inap;Pemeriksaan Umum dan Konsultasi Pada UGD; Rp10.000 
2025-02-14;;;;;;;;Tindakan Medik; Rp105.000 
2025-02-14;;;;;;;;Pendapatan Pelayanan Rawat Inap Umum; Rp240.000 
2025-02-14;;;;;;;;Penyediaan Obat dan BMHP Rawat Inap; Rp195.000 
2025-02-14;atik;1155;Luar Wilayah;P;Rawat Jalan;Umum;Klinik Umum;Pemeriksaan Umum dan Konsultasi Pada Rawat Jalan; Rp8.000 
2025-02-14;perisa;1156;Luar Wilayah;L;Rawat Jalan;Umum;Klinik Umum;Pemeriksaan Umum dan Konsultasi Pada UGD; Rp10.000 
2025-02-14;;;;;;;;Pemeriksaan Visum Et Repertum; Rp90.000 
2025-02-14;jubaedah;1158;Luar Wilayah;P;Rawat Jalan;Umum;Klinik Umum;Pemeriksaan Umum dan Konsultasi Pada Rawat Jalan; Rp8.000 
2025-02-14;;;;;;;;Pemeriksaan Laboratorium Rawat Jalan; Rp30.000 
2025-02-14;arumi;1160;Luar Wilayah;P;Rawat Jalan;Umum;Klinik Umum;Pemeriksaan Umum dan Konsultasi Pada Rawat Jalan; Rp8.000 
2025-02-14;ageung;1161;Luar Wilayah;P;Rawat Jalan;Umum;Klinik Umum;Pemeriksaan Umum dan Konsultasi Pada Rawat Jalan; Rp8.000 
2025-02-14;;;;;;;;Pemeriksaan Laboratorium Rawat Jalan; Rp30.000 
2025-02-14;dudung;1163;Cikelet;L;Rawat Jalan;Umum;Klinik Umum;Pemeriksaan Umum dan Konsultasi Pada Rawat Jalan; Rp8.000 
2025-02-14;;;;;;;;Pengujian Keuring; Rp10.000 
2025-02-14;dian;1165;Ciroyom;L;Rawat Jalan;Umum;UGD;Pemeriksaan Umum dan Konsultasi Pada UGD; Rp10.000 
2025-02-14;;;;;;;;Tindakan Medik; Rp20.000 
2025-02-14;haifa;1167;Cijambe;P;Rawat Jalan;Umum;Klinik Umum;Pemeriksaan Umum dan Konsultasi Pada Rawat Jalan; Rp8.000 
2025-02-14;kartini;1168;Luar Wilayah;P;Rawat Jalan;Umum;Klinik Umum;Pemeriksaan Umum dan Konsultasi Pada Rawat Jalan; Rp8.000 
2025-02-14;eksa;1169;Luar Wilayah;L;Rawat Inap;BPJS;Rawat Inap;Pemeriksaan Umum dan Konsultasi Pada UGD; Rp10.000 
2025-02-14;deti;1170;Pamalayan;P;Rawat Jalan;BPJS;Klinik Umum;Pengujian Keuring; Rp10.000 
2025-02-14;vina;1171;Pamalayan;P;Rawat Jalan;Umum;Klinik Umum;Pemeriksaan Umum dan Konsultasi Pada Rawat Jalan; Rp8.000 
2025-02-14;;;;;;;;Pemeriksaan Laboratorium Rawat Jalan; Rp47.500 
2025-02-14;;;;;;;;Pemeriksaan KIA/KB/USG; Rp50.000 
2025-02-14;m rafi;1174;Cikelet;L;Rawat Jalan;Umum;Klinik Umum;Pemeriksaan Umum dan Konsultasi Pada Rawat Jalan; Rp8.000 
2025-02-14;;;;;;;;Pengujian Keuring; Rp10.000 
2025-02-14;siti rahma;1176;Luar Wilayah;P;Rawat Jalan;BPJS;Klinik Umum;Pemeriksaan Laboratorium Rawat Jalan; Rp35.000 
2025-02-14;;;;;;;;Tindakan Medik; Rp5.000 
2025-02-14;;;;;;;;Pengujian Keuring; Rp10.000 
2025-02-14;hebi;1179;Cikelet;L;Rawat Jalan;Umum;Klinik Umum;Pemeriksaan Umum dan Konsultasi Pada Rawat Jalan; Rp8.000 
2025-02-14;;;;;;;;Pengujian Keuring; Rp10.000 
2025-02-14;gelar;1181;Cikelet;L;Rawat Jalan;Umum;UGD;Pemeriksaan Umum dan Konsultasi Pada UGD; Rp10.000 
2025-02-14;;;;;;;;Tindakan Medik; Rp35.000 
2025-02-14;;;;;;;;Penyediaan Obat dan BMHP Rawat Jalan; Rp35.000 
2025-02-14;mutiara;1184;Luar Wilayah;P;Rawat Jalan;Umum;UGD;Pemeriksaan Umum dan Konsultasi Pada UGD; Rp10.000 
2025-02-14;;;;;;;;Tindakan Medik; Rp5.000 
2025-02-14;;;;;;;;Penyediaan Obat dan BMHP Rawat Jalan; Rp20.000 
2025-02-14;razka;1187;Luar Wilayah;L;Rawat Jalan;Umum;Klinik Umum;Pemeriksaan Umum dan Konsultasi Pada Rawat Jalan; Rp8.000 
2025-02-15;nurhasanah;1188;Karangsari;P;Rawat Jalan;Umum;Klinik Umum;Pemeriksaan Umum dan Konsultasi Pada Rawat Jalan; Rp8.000 
2025-02-15;maman;1189;Luar Wilayah;L;Rawat Jalan;Umum;Klinik Umum;Pemeriksaan Umum dan Konsultasi Pada Rawat Jalan; Rp8.000 
2025-02-15;a yakub;1190;Luar Wilayah;L;Rawat Jalan;Umum;UGD;Pemeriksaan Umum dan Konsultasi Pada UGD; Rp10.000 
2025-02-15;;;;;;;;Tindakan Medik; Rp10.000 
2025-02-15;anisa;1192;Cijambe;P;Rawat Jalan;Umum;Klinik Umum;Pemeriksaan Umum dan Konsultasi Pada Rawat Jalan; Rp8.000 
2025-02-15;tasya;1193;Luar Wilayah;P;Rawat Jalan;Umum;Klinik Umum;Pemeriksaan Umum dan Konsultasi Pada Rawat Jalan; Rp8.000 
2025-02-15;anisa;1194;Cijambe;L;Rawat Jalan;Umum;Klinik Umum;Pemeriksaan Umum dan Konsultasi Pada Rawat Jalan; Rp8.000 
2025-02-15;yani ;1195;Cikelet;P;Rawat Jalan;Umum;Klinik Umum;Pemeriksaan Umum dan Konsultasi Pada Rawat Jalan; Rp8.000 
2025-02-15;anindita;1196;Cikelet;P;Rawat Jalan;Umum;Klinik Umum;Pemeriksaan Umum dan Konsultasi Pada Rawat Jalan; Rp8.000 
2025-02-15;hanum;1197;Cikelet;P;Rawat Jalan;Umum;Klinik Umum;Pemeriksaan Umum dan Konsultasi Pada Rawat Jalan; Rp8.000 
2025-02-15;indra;1198;Cijambe;L;Rawat Jalan;Umum;UGD;Pemeriksaan Umum dan Konsultasi Pada UGD; Rp10.000 
2025-02-15;;;;;;;;Tindakan Medik; Rp10.000 
2025-02-15;arsil;1200;Luar Wilayah;L;Rawat Jalan;Umum;Klinik Umum;Pemeriksaan Umum dan Konsultasi Pada Rawat Jalan; Rp8.000 
2025-02-15;serli;1201;Luar Wilayah;P;Rawat Jalan;Umum;Klinik KIA;Pemeriksaan Umum dan Konsultasi Pada Rawat Jalan; Rp8.000 
2025-02-15;;;;;;;;Pemeriksaan Laboratorium Rawat Jalan; Rp60.000 
2025-02-15;siti hodijah;1203;Luar Wilayah;P;Rawat Jalan;Umum;UGD;Pemeriksaan Umum dan Konsultasi Pada UGD; Rp10.000 
2025-02-15;;;;;;;;Tindakan Medik; Rp50.000 
2025-02-15;masitoh;1205;Cikelet;P;Rawat Jalan;Umum;Poli Lansia;Pemeriksaan Umum dan Konsultasi Pada Rawat Jalan; Rp8.000 
2025-02-15;milea;1206;Pamalayan;P;Rawat Inap;Umum;UGD;Pemeriksaan Umum dan Konsultasi Pada UGD; Rp10.000 
2025-02-15;;;;;;;;Pemeriksaan Laboratorium Rawat Jalan; Rp50.000 
2025-02-17;niya;1208;Luar Wilayah;P;Rawat Jalan;Umum;Klinik Umum;Pemeriksaan Umum dan Konsultasi Pada Rawat Jalan; Rp8.000 
2025-02-17;irsad;1209;Luar Wilayah;L;Rawat Jalan;Umum;Klinik Umum;Pemeriksaan Umum dan Konsultasi Pada Rawat Jalan; Rp8.000 
2025-02-17;dadah;1210;Luar Wilayah;P;Rawat Jalan;Umum;Klinik Umum;Pemeriksaan Umum dan Konsultasi Pada Rawat Jalan; Rp8.000 
2025-02-17;hardian;1211;Pamalayan;L;Rawat Jalan;Umum;UGD;Pemeriksaan Umum dan Konsultasi Pada UGD; Rp10.000 
2025-02-17;rehan;1212;Luar Wilayah;L;Rawat Jalan;Umum;Klinik Umum;Pemeriksaan Umum dan Konsultasi Pada Rawat Jalan; Rp8.000 
2025-02-17;ilah;1213;Cikelet;P;Rawat Jalan;Umum;Klinik Umum;Pemeriksaan Umum dan Konsultasi Pada Rawat Jalan; Rp8.000 
2025-02-17;atik;1214;Luar Wilayah;P;Rawat Jalan;Umum;Klinik Umum;Pemeriksaan Umum dan Konsultasi Pada Rawat Jalan; Rp8.000 
2025-02-17;mira;1215;Ciroyom;P;Rawat Jalan;Umum;Klinik Umum;Pemeriksaan Umum dan Konsultasi Pada Rawat Jalan; Rp8.000 
2025-02-17;dewi;1216;Awassagara;P;Rawat Jalan;Umum;Klinik Umum;Penyediaan Obat dan BMHP Rawat Jalan; Rp15.000 
2025-02-17;aliyana;1217;Luar Wilayah;P;Rawat Jalan;Umum;Klinik Umum;Pemeriksaan Umum dan Konsultasi Pada Rawat Jalan; Rp8.000 
2025-02-17;;;;;;;;Pengujian Keuring; Rp15.000 
2025-02-17;oom;1219;Luar Wilayah;P;Rawat Jalan;Umum;Klinik Umum;Pemeriksaan Umum dan Konsultasi Pada Rawat Jalan; Rp8.000 
2025-02-17;naira;1220;Pamalayan;P;Rawat Inap;BPJS;Rawat Inap;Pemeriksaan Umum dan Konsultasi Pada UGD; Rp10.000 
2025-02-17;mimar;1221;Cikelet;P;Rawat Jalan;Umum;Klinik Umum;Pemeriksaan Umum dan Konsultasi Pada Rawat Jalan; Rp8.000 
2025-02-17;novya;1222;Luar Wilayah;P;Rawat Jalan;Umum;Klinik KIA;Pemeriksaan Umum dan Konsultasi Pada Rawat Jalan; Rp8.000 
2025-02-17;;;;;;;;Pemeriksaan Laboratorium Rawat Jalan; Rp47.500 
2025-02-17;albi;1224;Luar Wilayah;L;Rawat Jalan;Umum;UGD;Pemeriksaan Umum dan Konsultasi Pada UGD; Rp10.000 
2025-02-17;;;;;;;;Tindakan Medik; Rp30.000 
2025-02-17;ihah;1226;Cikelet;L;Rawat Jalan;Umum;Klinik Umum;Pemeriksaan Umum dan Konsultasi Pada Rawat Jalan; Rp8.000 
2025-02-17;azkia;1227;Pamalayan;P;Rawat Jalan;Umum;Klinik Umum;Pemeriksaan Umum dan Konsultasi Pada Rawat Jalan; Rp8.000 
2025-02-17;ani;1228;Cikelet;P;Rawat Jalan;Umum;Klinik Umum;Pemeriksaan Umum dan Konsultasi Pada Rawat Jalan; Rp8.000 
2025-02-17;dewi;1229;Karangsari;P;Rawat Inap;Umum;PONED;Pemeriksaan Umum dan Konsultasi Pada UGD; Rp10.000 
2025-02-17;;;;;;;;Pelayanan Persalinan; Rp1.000.000 
2025-02-17;imas;1231;Tipar;P;Rawat Jalan;Umum;Klinik Umum;Pemeriksaan Umum dan Konsultasi Pada Rawat Jalan; Rp8.000 
2025-02-17;mia;1232;Luar Wilayah;P;Rawat Jalan;Umum;Klinik Umum;Pemeriksaan Umum dan Konsultasi Pada Rawat Jalan; Rp8.000 
2025-02-17;rosa;1233;Tipar;P;Rawat Jalan;Umum;Klinik Umum;Pemeriksaan Umum dan Konsultasi Pada Rawat Jalan; Rp8.000 
2025-02-17;siti padilah;1234;Cijambe;P;Rawat Jalan;Umum;UGD;Pemeriksaan Umum dan Konsultasi Pada UGD; Rp10.000 
2025-02-17;;;;;;;;Tindakan Medik; Rp20.000 
2025-02-17;mahmudin;1236;Luar Wilayah;L;Rawat Jalan;Umum;Klinik Umum;Pemeriksaan Umum dan Konsultasi Pada Rawat Jalan; Rp8.000 
2025-02-17;salwa;1237;Pamalayan;P;Rawat Jalan;Umum;Klinik Umum;Pemeriksaan Umum dan Konsultasi Pada Rawat Jalan; Rp8.000 
2025-02-17;agus;1238;Luar Wilayah;L;Rawat Jalan;Umum;Klinik Umum;Pemeriksaan Umum dan Konsultasi Pada Rawat Jalan; Rp8.000 
2025-02-17;;;;;;;;Pemeriksaan Laboratorium Rawat Jalan; Rp30.000 
2025-02-17;gelar;1240;Pamalayan;L;Rawat Jalan;Umum;UGD;Pemeriksaan Umum dan Konsultasi Pada UGD; Rp10.000 
2025-02-17;;;;;;;;Tindakan Medik; Rp10.000 
2025-02-17;jajang;1242;Cikelet;L;Rawat Jalan;Umum;Klinik Umum;Pemeriksaan Umum dan Konsultasi Pada Rawat Jalan; Rp8.000 
2025-02-17;paisal;1243;Luar Wilayah;L;Rawat Jalan;Umum;Klinik Umum;Pemeriksaan Umum dan Konsultasi Pada Rawat Jalan; Rp8.000 
2025-02-17;nenk witri;1244;Luar Wilayah;P;Rawat Jalan;Umum;UGD;Pemeriksaan Umum dan Konsultasi Pada UGD; Rp10.000 
2025-02-17;;;;;;;;Tindakan Medik; Rp60.000 
2025-02-17;;;;;;;;Pendapatan Pelayanan Rawat Inap Umum; Rp60.000 
2025-02-17;;;;;;;;Penyediaan Obat dan BMHP Rawat Inap; Rp105.000 
2025-02-17;elsa;1248;Cikelet;P;Rawat Jalan;BPJS;Klinik Umum;Pengujian Keuring; Rp5.000 
2025-02-17;imas;1249;Cikelet;P;Rawat Jalan;Umum;Klinik Umum;Pemeriksaan Umum dan Konsultasi Pada Rawat Jalan; Rp8.000 
2025-02-18;rizki;1250;Cijambe;L;Rawat Jalan;Umum;UGD;Pemeriksaan Umum dan Konsultasi Pada UGD; Rp10.000 
2025-02-18;;;;;;;;Tindakan Medik; Rp35.000 
2025-02-18;;;;;;;;Penyediaan Obat dan BMHP Rawat Jalan; Rp25.000 
2025-02-18;oleh;1253;Cikelet;L;Rawat Jalan;Umum;UGD;Pemeriksaan Umum dan Konsultasi Pada UGD; Rp10.000 
2025-02-18;sipa;1254;Cikelet;P;Rawat Jalan;Umum;UGD;Pemeriksaan Umum dan Konsultasi Pada UGD; Rp10.000 
2025-02-18;gina;1255;Cijambe;P;Rawat Jalan;Umum;UGD;Pemeriksaan Umum dan Konsultasi Pada UGD; Rp10.000 
2025-02-18;emin;1256;Luar Wilayah;P;Rawat Jalan;Umum;UGD;Pemeriksaan Umum dan Konsultasi Pada UGD; Rp10.000 
2025-02-18;satimah;1257;Luar Wilayah;P;Rawat Jalan;Umum;Klinik Umum;Pemeriksaan Umum dan Konsultasi Pada Rawat Jalan; Rp8.000 
2025-02-18;ai rusmini;1258;Cikelet;P;Rawat Jalan;Umum;UGD;Pemeriksaan Umum dan Konsultasi Pada UGD; Rp10.000 
2025-02-18;husen;1259;Pamalayan;L;Rawat Jalan;Umum;Poli Lansia;Pemeriksaan Umum dan Konsultasi Pada Rawat Jalan; Rp8.000 
2025-02-18;maskanah;1260;Luar Wilayah;P;Rawat Jalan;Umum;Klinik Umum;Pemeriksaan Umum dan Konsultasi Pada Rawat Jalan; Rp8.000 
2025-02-18;lisna;1261;Luar Wilayah;P;Rawat Jalan;Umum;Klinik Umum;Pemeriksaan Umum dan Konsultasi Pada Rawat Jalan; Rp8.000 
2025-02-18;asep;1262;Luar Wilayah;L;Rawat Jalan;Umum;Klinik Umum;Pemeriksaan Umum dan Konsultasi Pada Rawat Jalan; Rp8.000 
2025-02-18;;;;;;;;Pemeriksaan Laboratorium Rawat Jalan; Rp55.000 
2025-02-18;ali;1264;Tipar;L;Rawat Jalan;Umum;Klinik Umum;Pemeriksaan Umum dan Konsultasi Pada Rawat Jalan; Rp8.000 
2025-02-18;sintawati;1265;Cikelet;P;Rawat Jalan;Umum;Klinik Umum;Pemeriksaan Umum dan Konsultasi Pada Rawat Jalan; Rp8.000 
2025-02-18;sariningsih;1266;Awassagara;P;Rawat Jalan;Umum;UGD;Pemeriksaan Umum dan Konsultasi Pada UGD; Rp10.000 
2025-02-18;;;;;;;;Tindakan Medik; Rp80.000 
2025-02-18;almira;1268;Pamalayan;P;Rawat Jalan;Umum;Klinik Umum;Pemeriksaan Umum dan Konsultasi Pada Rawat Jalan; Rp8.000 
2025-02-18;putri;1269;Luar Wilayah;P;Rawat Jalan;Umum;UGD;Pemeriksaan Umum dan Konsultasi Pada UGD; Rp10.000 
2025-02-18;;;;;;;;Tindakan Medik; Rp40.000 
2025-02-18;egi;1271;Cijambe;L;Rawat Jalan;Umum;Klinik Umum;Pemeriksaan Umum dan Konsultasi Pada Rawat Jalan; Rp8.000 
2025-02-18;syipA;1272;Ciroyom;P;Rawat Jalan;Umum;Klinik KIA;Pemeriksaan Umum dan Konsultasi Pada Rawat Jalan; Rp8.000 
2025-02-18;liysa;1273;Karangsari;P;Rawat Jalan;Umum;Klinik Umum;Pemeriksaan Umum dan Konsultasi Pada Rawat Jalan; Rp8.000 
2025-02-18;;;;;;;;Pemeriksaan Laboratorium Rawat Jalan; Rp25.000 
2025-02-18;tiara;1275;Cijambe;P;Rawat Jalan;Umum;Klinik Umum;Pemeriksaan Umum dan Konsultasi Pada Rawat Jalan; Rp8.000 
2025-02-18;jaenal;1276;Luar Wilayah;L;Rawat Jalan;BPJS;Klinik Umum;Pengujian Keuring; Rp10.000 
2025-02-18;anji;1277;Luar Wilayah;L;Rawat Jalan;Umum;UGD;Pemeriksaan Umum dan Konsultasi Pada UGD; Rp10.000 
2025-02-18;;;;;;;;Penyediaan Obat dan BMHP Rawat Jalan; Rp40.000 
2025-02-18; almira;1279;Cikelet;P;Rawat Jalan;Umum;Klinik Umum;Pemeriksaan Umum dan Konsultasi Pada Rawat Jalan; Rp8.000 
2025-02-18;almera;1280;Luar Wilayah;P;Rawat Jalan;Umum;Klinik Umum;Pemeriksaan Umum dan Konsultasi Pada Rawat Jalan; Rp8.000 
2025-02-18;noni;1281;Luar Wilayah;P;Rawat Jalan;Umum;Klinik Umum;Pemeriksaan Umum dan Konsultasi Pada Rawat Jalan; Rp8.000 
2025-02-19;kartrini;1282;Luar Wilayah;P;Rawat Jalan;Umum;Klinik Umum;Pemeriksaan Umum dan Konsultasi Pada Rawat Jalan; Rp8.000 
2025-02-19;jajang;1283;Cijambe;L;Rawat Jalan;Umum;UGD;Pemeriksaan Umum dan Konsultasi Pada UGD; Rp10.000 
2025-02-19;fahri;1284;Cijambe;L;Rawat Jalan;Umum;UGD;Pemeriksaan Umum dan Konsultasi Pada UGD; Rp10.000 
2025-02-19;nofi;1285;Luar Wilayah;P;Rawat Jalan;Umum;Klinik Umum;Pemeriksaan Umum dan Konsultasi Pada Rawat Jalan; Rp8.000 
2025-02-19;dadah;1286;Ciroyom;P;Rawat Jalan;Umum;Klinik Umum;Pemeriksaan Umum dan Konsultasi Pada Rawat Jalan; Rp8.000 
2025-02-19;umayah;1287;Cikelet;P;Rawat Jalan;Umum;Klinik Umum;Pemeriksaan Umum dan Konsultasi Pada Rawat Jalan; Rp8.000 
2025-02-19;syalvina;1288;Ciroyom;P;Rawat Jalan;Umum;Klinik Umum;Pemeriksaan Umum dan Konsultasi Pada Rawat Jalan; Rp8.000 
2025-02-19;malik;1289;Cikelet;L;Rawat Jalan;Umum;Klinik Umum;Pemeriksaan Umum dan Konsultasi Pada Rawat Jalan; Rp8.000 
2025-02-19;sajuri;1290;Luar Wilayah;L;Rawat Inap;BPJS;Rawat Inap;Pemeriksaan Umum dan Konsultasi Pada UGD; Rp10.000 
2025-02-19; salsa;1291;Cijambe;P;Rawat Jalan;Umum;Klinik Umum;Pemeriksaan Umum dan Konsultasi Pada Rawat Jalan; Rp8.000 
2025-02-19;imas;1292;Luar Wilayah;P;Rawat Inap;Umum;Rawat Inap;Pemeriksaan Umum dan Konsultasi Pada UGD; Rp10.000 
2025-02-19;;;;;;;;Tindakan Medik; Rp90.000 
2025-02-19;;;;;;;;Pendapatan Pelayanan Rawat Inap Umum; Rp240.000 
2025-02-19;;;;;;;;Pemeriksaan Laboratorium Rawat Inap; Rp60.000 
2025-02-19;;;;;;;;Penyediaan Obat dan BMHP Rawat Inap; Rp195.000 
2025-02-19;milea;1297;Pamalayan;P;Rawat Inap;Umum;Rawat Inap;Pemeriksaan Umum dan Konsultasi Pada UGD; Rp10.000 
2025-02-19;;;;;;;;Tindakan Medik; Rp20.000 
2025-02-19;;;;;;;;Pendapatan Pelayanan Rawat Inap Umum; Rp60.000 
2025-02-19;;;;;;;;Penyediaan Obat dan BMHP Rawat Inap; Rp55.000 
2025-02-19;kuenza;1301;Cijambe;P;Rawat Jalan;Umum;Klinik Umum;Pemeriksaan Umum dan Konsultasi Pada Rawat Jalan; Rp8.000 
2025-02-19;delvi;1302;Cikelet;L;Rawat Jalan;Umum;;Pemeriksaan Umum dan Konsultasi Pada Rawat Jalan; Rp8.000 
2025-02-19;gandi;1303;Cikelet;L;Rawat Jalan;Umum;Klinik Umum;Pengujian Keuring; Rp10.000 
2025-02-19;ayera;1304;Cijambe;P;Rawat Jalan;Umum;Klinik Umum;Pemeriksaan Umum dan Konsultasi Pada Rawat Jalan; Rp8.000 
2025-02-20;fitri;1305;Luar Wilayah;P;Rawat Jalan;Umum;UGD;Pemeriksaan Umum dan Konsultasi Pada UGD; Rp10.000 
2025-02-20;;;;;;;;Pemeriksaan Visum Et Repertum; Rp100.000 
2025-02-20;fahmi;1307;Luar Wilayah;L;Rawat Jalan;Umum;Klinik Umum;Pemeriksaan Umum dan Konsultasi Pada Rawat Jalan; Rp8.000 
2025-02-20;eva;1308;Awassagara;P;Rawat Jalan;Umum;Klinik KIA;Pemeriksaan Umum dan Konsultasi Pada Rawat Jalan; Rp8.000 
2025-02-20;rahmi;1309;Linggamanik;P;Rawat Jalan;Umum;Klinik Umum;Pemeriksaan Umum dan Konsultasi Pada Rawat Jalan; Rp8.000 
2025-02-20;rahadian;1310;Linggamanik;L;Rawat Jalan;Umum;Klinik Umum;Pemeriksaan Umum dan Konsultasi Pada Rawat Jalan; Rp8.000 
2025-02-20;sesep;1311;Luar Wilayah;L;Rawat Inap;Umum;Rawat Inap;Pemeriksaan Umum dan Konsultasi Pada UGD; Rp10.000 
2025-02-20;genziye;1312;Cijambe;P;Rawat Jalan;Umum;Klinik Umum;Pemeriksaan Umum dan Konsultasi Pada Rawat Jalan; Rp8.000 
2025-02-20;nurul huda;1313;Pamalayan;P;Rawat Jalan;Umum;Klinik KIA;Pemeriksaan Umum dan Konsultasi Pada Rawat Jalan; Rp8.000 
2025-02-20;;;;;;;;Pemeriksaan Laboratorium Rawat Jalan; Rp72.500 
2025-02-20;;;;;;;;Pemeriksaan KIA/KB/USG; Rp50.000 
2025-02-20;putri;1316;Cijambe;P;Rawat Jalan;Umum;Klinik Umum;Pemeriksaan Umum dan Konsultasi Pada Rawat Jalan; Rp8.000 
2025-02-20;reni;1317;Cijambe;L;Rawat Jalan;Umum;Klinik Umum;Pemeriksaan Umum dan Konsultasi Pada Rawat Jalan; Rp8.000 
2025-02-20;amelia;1318;Cijambe;P;Rawat Jalan;Umum;Klinik Umum;Pemeriksaan Umum dan Konsultasi Pada Rawat Jalan; Rp8.000 
2025-02-20;dea;1319;Pamalayan;P;Rawat Jalan;BPJS;Klinik Umum;Pengujian Keuring; Rp20.000 
2025-02-20;sahila;1320;Cijambe;P;Rawat Jalan;Umum;Klinik Umum;Pemeriksaan Umum dan Konsultasi Pada Rawat Jalan; Rp8.000 
2025-02-20;salsa;1321;Luar Wilayah;P;Rawat Jalan;Umum;Klinik Umum;Pemeriksaan Umum dan Konsultasi Pada Rawat Jalan; Rp8.000 
2025-02-21;arkan;1322;Luar Wilayah;L;Rawat Jalan;Umum;Klinik Gigi;Pemeriksaan Umum dan Konsultasi Pada Rawat Jalan; Rp8.000 
2025-02-21;;;;;;;;Pemeriksaan Gigi & Mulut; Rp50.000 
2025-02-21;sariningsih;1324;Luar Wilayah;P;Rawat Jalan;Umum;UGD;Pemeriksaan Umum dan Konsultasi Pada UGD; Rp10.000 
2025-02-21;;;;;;;;Tindakan Medik; Rp10.000 
2025-02-21;ai mega;1326;Luar Wilayah;P;Rawat Inap;BPJS;Rawat Inap;Pemeriksaan Umum dan Konsultasi Pada UGD; Rp10.000 
2025-02-21;puja;1327;Pamalayan;L;Rawat Jalan;Umum;Klinik Umum;Pemeriksaan Umum dan Konsultasi Pada Rawat Jalan; Rp8.000 
2025-02-21;;;;;;;;Pengujian Keuring; Rp10.000 
2025-02-21;m albi;1329;Luar Wilayah;L;Rawat Jalan;Umum;UGD;Pemeriksaan Umum dan Konsultasi Pada UGD; Rp10.000 
2025-02-21;;;;;;;;Tindakan Medik; Rp10.000 
2025-02-21;azura;1331;Cikelet;L;Rawat Jalan;Umum;Klinik Umum;Pemeriksaan Umum dan Konsultasi Pada Rawat Jalan; Rp8.000 
2025-02-21;elsa;1332;Luar Wilayah;P;Rawat Jalan;Umum;Klinik Umum;Pemeriksaan Umum dan Konsultasi Pada Rawat Jalan; Rp8.000 
2025-02-21;yuyun;1333;Luar Wilayah;P;Rawat Jalan;Umum;Klinik Umum;Pemeriksaan Umum dan Konsultasi Pada Rawat Jalan; Rp8.000 
2025-02-21;amelia;1334;Cijambe;P;Rawat Jalan;Umum;Klinik Umum;Pemeriksaan Umum dan Konsultasi Pada Rawat Jalan; Rp8.000 
2025-02-21;resa;1335;Luar Wilayah;L;Rawat Jalan;Umum;Klinik Gigi;Pemeriksaan Umum dan Konsultasi Pada Rawat Jalan; Rp8.000 
2025-02-21;reza;1336;Luar Wilayah;L;Rawat Jalan;Umum;Klinik Gigi;Pemeriksaan Umum dan Konsultasi Pada Rawat Jalan; Rp8.000 
2025-02-21;masriah;1337;Luar Wilayah;P;Rawat Jalan;Umum;Klinik Umum;Pemeriksaan Umum dan Konsultasi Pada Rawat Jalan; Rp8.000 
2025-02-21;lilis;1338;Luar Wilayah;P;Rawat Jalan;Umum;Klinik Umum;Pemeriksaan Umum dan Konsultasi Pada Rawat Jalan; Rp8.000 
2025-02-21;jandi;1339;Luar Wilayah;L;Rawat Jalan;Umum;Klinik Gigi;Pemeriksaan Umum dan Konsultasi Pada Rawat Jalan; Rp8.000 
2025-02-21;rifhansyah;1340;Cijambe;L;Rawat Jalan;Umum;Klinik Umum;Pengujian Keuring; Rp10.000 
2025-02-21;komariah;1341;Luar Wilayah;P;Rawat Jalan;Umum;Klinik Umum;Pemeriksaan Umum dan Konsultasi Pada Rawat Jalan; Rp8.000 
2025-02-21;;;;;;;;Pemeriksaan Laboratorium Rawat Jalan; Rp30.000 
2025-02-21;irwan;1343;Luar Wilayah;L;Rawat Jalan;Umum;Klinik Umum;Pemeriksaan Umum dan Konsultasi Pada Rawat Jalan; Rp8.000 
2025-02-21;;;;;;;;Pengujian Keuring; Rp5.000 
2025-02-21;nova;1345;Cikelet;L;Rawat Jalan;Umum;Klinik Umum;Pemeriksaan Umum dan Konsultasi Pada Rawat Jalan; Rp8.000 
2025-02-21;ai tuti;1346;Cikelet;P;Rawat Jalan;Umum;Klinik Gigi;Pemeriksaan Umum dan Konsultasi Pada Rawat Jalan; Rp8.000 
2025-02-22;ersa;1347;Cikelet;P;Rawat Jalan;Umum;UGD;Pemeriksaan Umum dan Konsultasi Pada UGD; Rp10.000 
2025-02-22;alipa;1348;Cikelet;P;Rawat Jalan;Umum;UGD;Pemeriksaan Umum dan Konsultasi Pada UGD; Rp10.000 
2025-02-22;hapizah;1349;Cikelet;P;Rawat Jalan;Umum;UGD;Pemeriksaan Umum dan Konsultasi Pada UGD; Rp10.000 
2025-02-22;ratih;1350;Luar Wilayah;P;Rawat Jalan;Umum;Klinik Umum;Pemeriksaan Umum dan Konsultasi Pada Rawat Jalan; Rp8.000 
2025-02-22;rido;1351;Luar Wilayah;L;Rawat Jalan;Umum;Klinik Umum;Pemeriksaan Umum dan Konsultasi Pada Rawat Jalan; Rp8.000 
2025-02-22;alifah;1352;Luar Wilayah;P;Rawat Inap;BPJS;Rawat Inap;Pemeriksaan Umum dan Konsultasi Pada UGD; Rp10.000 
2025-02-22;devit;1353;Luar Wilayah;L;Rawat Jalan;Umum;Klinik Umum;Pemeriksaan Umum dan Konsultasi Pada Rawat Jalan; Rp8.000 
2025-02-22;;;;;;;;Pengujian Keuring; Rp10.000 
2025-02-22;rista;1355;Luar Wilayah;P;Rawat Jalan;Umum;Klinik KIA;Pemeriksaan Umum dan Konsultasi Pada Rawat Jalan; Rp8.000 
2025-02-22;;;;;;;;Pemeriksaan Laboratorium Rawat Jalan; Rp60.000 
2025-02-22;azahra;1357;Cikelet;P;Rawat Jalan;Umum;UGD;Pemeriksaan Umum dan Konsultasi Pada UGD; Rp10.000 
2025-02-22;;;;;;;;Tindakan Medik; Rp55.000 
2025-02-22;salwa;1359;Cikelet;P;Rawat Jalan;BPJS;Klinik Umum;Pengujian Keuring; Rp10.000 
2025-02-22;nurmaningsih;1360;Luar Wilayah;P;Rawat Jalan;Umum;Klinik Umum;Pemeriksaan Umum dan Konsultasi Pada Rawat Jalan; Rp8.000 
2025-02-22;ai maemunah;1361;Luar Wilayah;P;Rawat Jalan;Umum;Klinik Umum;Pemeriksaan Umum dan Konsultasi Pada Rawat Jalan; Rp8.000 
2025-02-22;asep;1362;Karangsari;L;Rawat Jalan;Umum;UGD;Pemeriksaan Umum dan Konsultasi Pada UGD; Rp10.000 
2025-02-22;;;;;;;;Tindakan Medik; Rp90.000 
2025-02-22;;;;;;;;Penyediaan Obat dan BMHP Rawat Jalan; Rp70.000 
2025-02-24;bani;1365;Luar Wilayah;L;Rawat Jalan;Umum;UGD;Pemeriksaan Umum dan Konsultasi Pada UGD; Rp10.000 
2025-02-24;badil;1366;Luar Wilayah;L;Rawat Jalan;Umum;UGD;Pemeriksaan Umum dan Konsultasi Pada UGD; Rp10.000 
2025-02-24;suhanda;1367;Luar Wilayah;L;Rawat Jalan;Umum;Klinik Umum;Pemeriksaan Umum dan Konsultasi Pada Rawat Jalan; Rp8.000 
2025-02-24;hadsah;1368;Cikelet;P;Rawat Jalan;Umum;Klinik Umum;Pemeriksaan Umum dan Konsultasi Pada Rawat Jalan; Rp8.000 
2025-02-24;riki rijal;1369;Cikelet;L;Rawat Jalan;Umum;Klinik Umum;Pemeriksaan Umum dan Konsultasi Pada Rawat Jalan; Rp8.000 
2025-02-24;galit;1370;Luar Wilayah;L;Rawat Jalan;Umum;Klinik Umum;Pemeriksaan Umum dan Konsultasi Pada Rawat Jalan; Rp8.000 
2025-02-24;raveypa;1371;Cikelet;P;Rawat Jalan;Umum;Klinik Umum;Pemeriksaan Umum dan Konsultasi Pada Rawat Jalan; Rp8.000 
2025-02-24;atin;1372;Luar Wilayah;P;Rawat Jalan;Umum;Klinik Umum;Pemeriksaan Umum dan Konsultasi Pada Rawat Jalan; Rp8.000 
2025-02-24;rafasya;1373;Cikelet;L;Rawat Jalan;Umum;Klinik Umum;Pemeriksaan Umum dan Konsultasi Pada Rawat Jalan; Rp8.000 
2025-02-24;arsaka;1374;Luar Wilayah;L;Rawat Jalan;Umum;Klinik Umum;Pemeriksaan Umum dan Konsultasi Pada Rawat Jalan; Rp8.000 
2025-02-24;siti munawaroh;1375;Ciroyom;P;Rawat Jalan;Umum;Klinik Umum;Pemeriksaan Umum dan Konsultasi Pada Rawat Jalan; Rp8.000 
2025-02-24;rosidin;1376;Ciroyom;L;Rawat Jalan;Umum;Klinik Umum;Pemeriksaan Umum dan Konsultasi Pada Rawat Jalan; Rp8.000 
2025-02-24;irja;1377;Luar Wilayah;L;Rawat Jalan;Umum;Klinik Umum;Pemeriksaan Umum dan Konsultasi Pada Rawat Jalan; Rp8.000 
2025-02-24;hajik;1378;Cikelet;L;Rawat Jalan;Umum;Klinik Umum;Pemeriksaan Umum dan Konsultasi Pada Rawat Jalan; Rp8.000 
2025-02-24;enung;1379;Cikelet;P;Rawat Jalan;Umum;Klinik Umum;Pemeriksaan Umum dan Konsultasi Pada Rawat Jalan; Rp8.000 
2025-02-24;akmal;1380;Luar Wilayah;L;Rawat Jalan;Umum;Klinik Umum;Pemeriksaan Umum dan Konsultasi Pada Rawat Jalan; Rp8.000 
2025-02-24;jasmin;1381;Cikelet;P;Rawat Jalan;Umum;Klinik Umum;Pemeriksaan Umum dan Konsultasi Pada Rawat Jalan; Rp8.000 
2025-02-24;susilawati;1382;Cikelet;P;Rawat Jalan;Umum;Klinik Umum;Pemeriksaan Umum dan Konsultasi Pada Rawat Jalan; Rp8.000 
2025-02-24;neneng;1383;Karangsari;P;Rawat Jalan;Umum;Klinik KIA;Pemeriksaan Umum dan Konsultasi Pada Rawat Jalan; Rp8.000 
2025-02-24;;;;;;;;Pemeriksaan Laboratorium Rawat Jalan; Rp72.500 
2025-02-24;;;;;;;;Pemeriksaan KIA/KB/USG; Rp50.000 
2025-02-24;rosa;1386;Pamalayan;P;Rawat Jalan;Umum;Klinik KIA;Pemeriksaan Umum dan Konsultasi Pada Rawat Jalan; Rp8.000 
2025-02-24;;;;;;;;Pemeriksaan Laboratorium Rawat Jalan; Rp72.500 
2025-02-24;nadif;1388;Pamalayan;P;Rawat Jalan;Umum;Klinik Umum;Pemeriksaan Umum dan Konsultasi Pada Rawat Jalan; Rp8.000 
2025-02-24;umaira;1389;Cikelet;P;Rawat Jalan;Umum;Klinik Umum;Pemeriksaan Umum dan Konsultasi Pada Rawat Jalan; Rp8.000 
2025-02-24;sinta;1390;Luar Wilayah;P;Rawat Jalan;Umum;Klinik Umum;Pemeriksaan Umum dan Konsultasi Pada Rawat Jalan; Rp8.000 
2025-02-24;saipul;1391;Cikelet;L;Rawat Jalan;Umum;Klinik Umum;Pemeriksaan Umum dan Konsultasi Pada Rawat Jalan; Rp8.000 
2025-02-24;abizar;1392;Cikelet;L;Rawat Jalan;Umum;Klinik Umum;Pemeriksaan Umum dan Konsultasi Pada Rawat Jalan; Rp8.000 
2025-02-24;;;;;;;;Pengujian Keuring; Rp10.000 
2025-02-24;jiwa;1394;Luar Wilayah;L;Rawat Jalan;Umum;Klinik Umum;Pemeriksaan Umum dan Konsultasi Pada Rawat Jalan; Rp8.000 
2025-02-24;fiska;1395;Cikelet;P;Rawat Jalan;Umum;Klinik Umum;Pemeriksaan Umum dan Konsultasi Pada Rawat Jalan; Rp8.000 
2025-02-24;kunaepi;1396;Karangsari;L;Rawat Jalan;Umum;Klinik Umum;Pemeriksaan Umum dan Konsultasi Pada Rawat Jalan; Rp8.000 
2025-02-24;sunandar;1397;Luar Wilayah;L;Rawat Jalan;Umum;Klinik Umum;Pemeriksaan Umum dan Konsultasi Pada Rawat Jalan; Rp8.000 
2025-02-24;suminar;1398;Luar Wilayah;P;Rawat Jalan;Umum;Klinik Umum;Pemeriksaan Umum dan Konsultasi Pada Rawat Jalan; Rp8.000 
2025-02-24;;;;;;;;Pemeriksaan Laboratorium Rawat Jalan; Rp30.000 
2025-02-24;alpatih;1400;Luar Wilayah;L;Rawat Jalan;Umum;Klinik Umum;Pemeriksaan Umum dan Konsultasi Pada Rawat Jalan; Rp8.000 
2025-02-25;asep;1401;Ciroyom;L;Rawat Jalan;Umum;Klinik Umum;Pemeriksaan Umum dan Konsultasi Pada Rawat Jalan; Rp8.000 
2025-02-25;;;;;;;;Pengujian Keuring; Rp5.000 
2025-02-25;widi;1403;Ciroyom;L;Rawat Jalan;Umum;Klinik Umum;Pemeriksaan Umum dan Konsultasi Pada Rawat Jalan; Rp8.000 
2025-02-25;;;;;;;;Pengujian Keuring; Rp10.000 
2025-02-25;hanif;1405;Ciroyom;L;Rawat Jalan;Umum;Klinik Umum;Pemeriksaan Umum dan Konsultasi Pada Rawat Jalan; Rp8.000 
2025-02-25;arumi;1406;Cikelet;P;Rawat Jalan;Umum;Klinik Umum;Pemeriksaan Umum dan Konsultasi Pada Rawat Jalan; Rp8.000 
2025-02-25;pandu;1407;Pamalayan;L;Rawat Jalan;Umum;Klinik Gigi;Pemeriksaan Umum dan Konsultasi Pada Rawat Jalan; Rp8.000 
2025-02-25;;;;;;;;Pemeriksaan Gigi & Mulut; Rp50.000 
2025-02-25;kesya;1409;Karangsari;P;Rawat Jalan;Umum;UGD;Pemeriksaan Umum dan Konsultasi Pada UGD; Rp10.000 
2025-02-25;;;;;;;;Tindakan Medik; Rp50.000 
2025-02-25;arsila;1411;Pamalayan;P;Rawat Jalan;Umum;Klinik Umum;Pemeriksaan Umum dan Konsultasi Pada Rawat Jalan; Rp8.000 
2025-02-25;atikah;1412;Awassagara;P;Rawat Jalan;Umum;Klinik Umum;Pemeriksaan Umum dan Konsultasi Pada Rawat Jalan; Rp8.000 
2025-02-25;sumyati;1413;Awassagara;P;Rawat Jalan;Umum;Klinik Umum;Pemeriksaan Umum dan Konsultasi Pada Rawat Jalan; Rp8.000 
2025-02-25;jaisa;1414;Cikelet;P;Rawat Jalan;Umum;Klinik Umum;Pemeriksaan Umum dan Konsultasi Pada Rawat Jalan; Rp8.000 
2025-02-25;ida;1415;Awassagara;P;Rawat Jalan;Umum;Klinik Umum;Pemeriksaan Umum dan Konsultasi Pada Rawat Jalan; Rp8.000 
2025-02-25;rizki;1416;Cikelet;L;Rawat Jalan;Umum;Klinik Umum;Pemeriksaan Umum dan Konsultasi Pada Rawat Jalan; Rp8.000 
2025-02-25;nenti;1417;Luar Wilayah;P;Rawat Jalan;Umum;Klinik KIA;Pemeriksaan Umum dan Konsultasi Pada Rawat Jalan; Rp8.000 
2025-02-25;;;;;;;;Pemeriksaan Laboratorium Rawat Jalan; Rp37.500 
2025-02-25;susi;1419;Pamalayan;P;Rawat Jalan;Umum;Klinik Umum;Pemeriksaan Umum dan Konsultasi Pada Rawat Jalan; Rp8.000 
2025-02-25;tini;1420;Pamalayan;P;Rawat Jalan;Umum;Klinik Umum;Pemeriksaan Umum dan Konsultasi Pada Rawat Jalan; Rp8.000 
2025-02-25;`imas;1421;Luar Wilayah;P;Rawat Jalan;Umum;Klinik Umum;Pemeriksaan Umum dan Konsultasi Pada Rawat Jalan; Rp8.000 
2025-02-25;elim;1422;Luar Wilayah;P;Rawat Jalan;Umum;Klinik Umum;Pemeriksaan Umum dan Konsultasi Pada Rawat Jalan; Rp8.000 
2025-02-25;robiah;1423;Luar Wilayah;P;Rawat Jalan;Umum;Klinik KIA;Pemeriksaan Umum dan Konsultasi Pada Rawat Jalan; Rp8.000 
2025-02-25;;;;;;;;Pemeriksaan Laboratorium Rawat Jalan; Rp47.500 
2025-02-25;virenda;1425;Cikelet;P;Rawat Jalan;Umum;Klinik Umum;Pemeriksaan Umum dan Konsultasi Pada Rawat Jalan; Rp8.000 
2025-02-25;;;;;;;;Pengujian Keuring; Rp20.000 
2025-02-26;nenih;1427;Luar Wilayah;P;Rawat Jalan;Umum;Klinik Umum;Pemeriksaan Umum dan Konsultasi Pada Rawat Jalan; Rp8.000 
2025-02-26;silvi;1428;Pamalayan;P;Rawat Jalan;Umum;Klinik Umum;Pemeriksaan Umum dan Konsultasi Pada Rawat Jalan; Rp8.000 
2025-02-26;;;;;;;;Pemeriksaan Laboratorium Rawat Jalan; Rp25.000 
2025-02-26;imas;1430;Awassagara;P;Rawat Jalan;Umum;Klinik Umum;Pemeriksaan Umum dan Konsultasi Pada Rawat Jalan; Rp8.000 
2025-02-26;kevin;1431;Cikelet;L;Rawat Jalan;Umum;Klinik Umum;Pemeriksaan Umum dan Konsultasi Pada Rawat Jalan; Rp8.000 
2025-02-26;devin;1432;Cikelet;L;Rawat Jalan;Umum;Klinik Umum;Pemeriksaan Umum dan Konsultasi Pada Rawat Jalan; Rp8.000 
2025-02-26;atha;1433;Luar Wilayah;L;Rawat Jalan;Umum;Klinik Umum;Pemeriksaan Umum dan Konsultasi Pada Rawat Jalan; Rp8.000 
2025-02-26;ai nuryati;1434;Luar Wilayah;P;Rawat Jalan;Umum;;Pemeriksaan Umum dan Konsultasi Pada Rawat Jalan; Rp8.000 
2025-02-26;;;;;;;;Pemeriksaan KIA/KB/USG; Rp50.000 
2025-02-26;lilis;1436;Luar Wilayah;P;Rawat Jalan;Umum;Klinik Umum;Pemeriksaan Umum dan Konsultasi Pada Rawat Jalan; Rp8.000 
2025-02-26; wulan sari;1437;Luar Wilayah;P;Rawat Jalan;Umum;Klinik Umum;Pemeriksaan Umum dan Konsultasi Pada Rawat Jalan; Rp8.000 
2025-02-26;;;;;;;;Pengujian Keuring; Rp10.000 
2025-02-26;sipa;1439;Cikelet;P;Rawat Jalan;BPJS;Klinik Umum;Tindakan Medik; Rp5.000 
2025-02-26;;;;;;;;Pengujian Keuring; Rp10.000 
2025-02-26;;;;;;;;Pemeriksaan Laboratorium Rawat Jalan; Rp35.000 
2025-02-26;rohadi;1442;Luar Wilayah;L;Rawat Jalan;Umum;Klinik Umum;Pemeriksaan Umum dan Konsultasi Pada Rawat Jalan; Rp8.000 
2025-02-26;lilis;1443;Luar Wilayah;P;Rawat Jalan;Umum;Klinik KIA;Pemeriksaan Umum dan Konsultasi Pada Rawat Jalan; Rp8.000 
2025-02-26;;;;;;;;Pemeriksaan Laboratorium Rawat Jalan; Rp90.000 
2025-02-26;;;;;;;;Pemeriksaan KIA/KB/USG; Rp50.000 
2025-02-26;devi;1446;Cijambe;P;Rawat Jalan;Umum;;Pemeriksaan Umum dan Konsultasi Pada Rawat Jalan; Rp8.000 
2025-02-26;;;;;;;;Pengujian Keuring; Rp10.000 
2025-02-26;nia;1448;Luar Wilayah;P;Rawat Jalan;Umum;Klinik Umum;Pemeriksaan Umum dan Konsultasi Pada Rawat Jalan; Rp8.000 
2025-02-26;aulia;1449;Pamalayan;P;Rawat Jalan;Umum;Klinik Umum;Pemeriksaan Umum dan Konsultasi Pada Rawat Jalan; Rp8.000 
2025-02-27;rehan;1450;Luar Wilayah;L;Rawat Jalan;Umum;Klinik Umum;Pemeriksaan Umum dan Konsultasi Pada Rawat Jalan; Rp8.000 
2025-02-27;reva;1451;Luar Wilayah;P;Rawat Jalan;Umum;Klinik Umum;Pemeriksaan Umum dan Konsultasi Pada Rawat Jalan; Rp8.000 
2025-02-27;reno;1452;Luar Wilayah;L;Rawat Jalan;Umum;Klinik Umum;Pemeriksaan Umum dan Konsultasi Pada Rawat Jalan; Rp8.000 
2025-02-27;adita;1453;Luar Wilayah;P;Rawat Jalan;Umum;UGD;Pemeriksaan Umum dan Konsultasi Pada UGD; Rp10.000 
2025-02-27;indah ayuni;1454;Cikelet;P;Rawat Jalan;Umum;UGD;Pemeriksaan Umum dan Konsultasi Pada UGD; Rp10.000 
2025-02-27;m bayu;1455;Cijambe;L;Rawat Jalan;Umum;UGD;Pemeriksaan Umum dan Konsultasi Pada UGD; Rp10.000 
2025-02-27;hasan;1456;Cijambe;L;Rawat Jalan;Umum;UGD;Pemeriksaan Umum dan Konsultasi Pada UGD; Rp10.000 
2025-02-27;askia;1457;Awassagara;P;Rawat Inap;Umum;Rawat Inap;Pemeriksaan Umum dan Konsultasi Pada UGD; Rp10.000 
2025-02-27;;;;;;;;Penyediaan Obat dan BMHP Rawat Inap; Rp85.000 
2025-02-27;sopiah;1459;Ciroyom;P;Rawat Jalan;Umum;Klinik Umum;Pemeriksaan Umum dan Konsultasi Pada Rawat Jalan; Rp8.000 
2025-02-27;hasbi;1460;Pamalayan;L;Rawat Jalan;Umum;Klinik Umum;Pemeriksaan Umum dan Konsultasi Pada Rawat Jalan; Rp8.000 
2025-02-27;bagja;1461;Cijambe;L;Rawat Jalan;Umum;Klinik Umum;Pemeriksaan Umum dan Konsultasi Pada Rawat Jalan; Rp8.000 
2025-02-27;hilya;1462;Cikelet;P;Rawat Jalan;Umum;Klinik Umum;Pemeriksaan Umum dan Konsultasi Pada Rawat Jalan; Rp8.000 
2025-02-27;ucu;1463;Cijambe;L;Rawat Jalan;Umum;Klinik Umum;Pemeriksaan Umum dan Konsultasi Pada Rawat Jalan; Rp8.000 
2025-02-27;eko;1464;Cijambe;P;Rawat Jalan;Umum;Klinik Umum;Pemeriksaan Umum dan Konsultasi Pada Rawat Jalan; Rp8.000 
2025-02-27;kesya;1465;Ciroyom;P;Rawat Inap;Umum;Rawat Inap;Pemeriksaan Umum dan Konsultasi Pada UGD; Rp10.000 
2025-02-27;;;;;;;;Tindakan Medik; Rp90.000 
2025-02-27;;;;;;;;Pendapatan Pelayanan Rawat Inap Umum; Rp240.000 
2025-02-27;;;;;;;;Pemeriksaan Laboratorium Rawat Inap; Rp50.000 
2025-02-27;;;;;;;;Penyediaan Obat dan BMHP Rawat Inap; Rp175.000 
2025-02-27;firda;1470;Cikelet;P;Rawat Jalan;Umum;Klinik Umum;Pemeriksaan Umum dan Konsultasi Pada Rawat Jalan; Rp8.000 
2025-02-27;eko;1471;;;;;;Pengujian Keuring; Rp5.000 
2025-02-27;momon;1472;Luar Wilayah;L;Rawat Jalan;Umum;Klinik Umum;Pemeriksaan Umum dan Konsultasi Pada Rawat Jalan; Rp8.000 
2025-02-27;raya;1473;Tipar;P;Rawat Jalan;Umum;Klinik Umum;Pemeriksaan Umum dan Konsultasi Pada Rawat Jalan; Rp8.000 
2025-02-27;rifa;1474;Cijambe;P;Rawat Jalan;Umum;Klinik Umum;Pemeriksaan Umum dan Konsultasi Pada Rawat Jalan; Rp8.000 
2025-02-27;abyan;1475;Luar Wilayah;L;Rawat Jalan;Umum;Klinik Umum;Pemeriksaan Umum dan Konsultasi Pada Rawat Jalan; Rp8.000 
2025-02-27;m arendra;1476;Pamalayan;L;Rawat Jalan;Umum;Klinik Umum;Pemeriksaan Umum dan Konsultasi Pada Rawat Jalan; Rp8.000 
2025-02-27;elina;1477;Karangsari;P;Rawat Jalan;Umum;Klinik Umum;Pemeriksaan Umum dan Konsultasi Pada Rawat Jalan; Rp8.000 
2025-02-27;sherli;1478;Luar Wilayah;P;Rawat Jalan;Umum;Klinik Umum;Pemeriksaan Umum dan Konsultasi Pada Rawat Jalan; Rp8.000 
2025-02-27;rulli;1479;Cijambe;L;Rawat Jalan;Umum;Klinik Umum;Pemeriksaan Umum dan Konsultasi Pada Rawat Jalan; Rp8.000 
2025-02-27;faiza;1480;Cijambe;P;Rawat Jalan;Umum;Klinik Umum;Pemeriksaan Umum dan Konsultasi Pada Rawat Jalan; Rp8.000 
2025-02-27;arkan;1481;Luar Wilayah;L;Rawat Jalan;Umum;Klinik Umum;Pemeriksaan Umum dan Konsultasi Pada Rawat Jalan; Rp8.000 
2025-02-27;entin;1482;Luar Wilayah;P;Rawat Inap;BPJS;Rawat Inap;Pemeriksaan Umum dan Konsultasi Pada UGD; Rp10.000 
2025-02-28;imas;1483;Luar Wilayah;P;Rawat Jalan;Umum;UGD;Pemeriksaan Umum dan Konsultasi Pada UGD; Rp10.000 
2025-02-28;;;;;;;;Pemeriksaan Laboratorium Rawat Jalan; Rp72.500 
2025-02-28;ratih;1485;Cijambe;P;Rawat Jalan;Umum;UGD;Pemeriksaan Umum dan Konsultasi Pada UGD; Rp10.000 
2025-02-28;nadia;1486;Cijambe;P;Rawat Jalan;Umum;UGD;Pemeriksaan Umum dan Konsultasi Pada UGD; Rp10.000 
2025-02-28;uci;1487;Cikelet;P;Rawat Jalan;Umum;UGD;Pemeriksaan Umum dan Konsultasi Pada UGD; Rp10.000 
2025-02-28;rohaman;1488;Luar Wilayah;L;Rawat Jalan;Umum;Klinik Umum;Pemeriksaan Umum dan Konsultasi Pada Rawat Jalan; Rp8.000 
2025-02-28;dara;1489;Cikelet;P;Rawat Jalan;Umum;Klinik Umum;Pemeriksaan Umum dan Konsultasi Pada Rawat Jalan; Rp8.000 
2025-02-28;iin;1490;Cikelet;P;Rawat Jalan;Umum;Klinik Umum;Pemeriksaan Umum dan Konsultasi Pada Rawat Jalan; Rp8.000 
2025-02-28;sumarni;1491;Luar Wilayah;P;Rawat Jalan;Umum;Klinik Umum;Pemeriksaan Umum dan Konsultasi Pada Rawat Jalan; Rp8.000 
2025-02-28;romani;1492;Luar Wilayah;P;Rawat Jalan;Umum;Klinik Umum;Pemeriksaan Umum dan Konsultasi Pada Rawat Jalan; Rp8.000 
2025-02-28;risma;1493;Luar Wilayah;P;Rawat Jalan;Umum;Klinik KIA;Pemeriksaan Umum dan Konsultasi Pada Rawat Jalan; Rp8.000 
2025-02-28;atin;1494;Luar Wilayah;P;Rawat Jalan;Umum;Klinik Umum;Pemeriksaan Umum dan Konsultasi Pada Rawat Jalan; Rp8.000 
2025-02-28;romlah;1495;Cijambe;P;Rawat Jalan;Umum;Klinik Umum;Pemeriksaan Umum dan Konsultasi Pada Rawat Jalan; Rp8.000 
2025-02-28;tiktik;1496;Cikelet;P;Rawat Jalan;Umum;Klinik Umum;Pemeriksaan Umum dan Konsultasi Pada Rawat Jalan; Rp8.000 
2025-02-28;risma;1497;Cijambe;P;Rawat Jalan;Umum;Klinik KIA;Pemeriksaan Umum dan Konsultasi Pada Rawat Jalan; Rp8.000 
2025-02-28;;;;;;;;Pemeriksaan Laboratorium Rawat Jalan; Rp60.000 
2025-02-28;ariyan;1499;Cijambe;L;Rawat Jalan;Umum;Klinik Umum;Pemeriksaan Umum dan Konsultasi Pada Rawat Jalan;8000
2025-02-28;citra;1500;Luar Wilayah;P;Rawat Jalan;Umum;Klinik Umum;Pemeriksaan Umum dan Konsultasi Pada Rawat Jalan; Rp8.000 
2025-02-28;;;;;;;;Pemeriksaan Laboratorium Rawat Jalan; Rp47.500 
2025-02-28;;;;;;;;Pemeriksaan KIA/KB/USG; Rp50.000 
