﻿tanggal;nama_pasien;no_rekam_medik;alamat;jenis_kelamin;jenis_kunjungan;status_pasien;poli_tujuan;jenis_pelayanan;tarif_rp
2025-02-01;miftah;;Luar Wilayah;L;Rawat Jalan;Umum;Rawat Inap;Pemeriksaan Umum dan Konsultasi Pada UGD; Rp10.000 
2025-02-01;;;;;;;UGD;Tindakan Medik; Rp110.000 
2025-02-01;;;;;;;Rawat Inap;Pendapatan Pelayanan Rawat Inap Umum; Rp240.000 
2025-02-01;;;;;;;Farmasi;Penyediaan Obat dan BMHP Rawat Inap; Rp240.000 
2025-02-01;ai siti;;Cijambe;P;Rawat Jalan;Umum;UGD;Pemeriksaan Umum dan Konsultasi Pada UGD; Rp10.000 
2025-02-01;;;;;;;UGD;Tindakan Medik; Rp80.000 
2025-02-01;;;;;;;Laboratorium;Pemeriksaan Laboratorium PONED; Rp60.000 
2025-02-01;;;;;;;Farmasi;Penyediaan Obat dan BMHP PONED; Rp70.000 
2025-02-01;furi;;Cikelet;P;Rawat Inap;Umum;UGD;Pemeriksaan Umum dan Konsultasi Pada UGD; Rp10.000 
2025-02-01;;;;;;;UGD;Tindakan Medik; Rp35.000 
2025-02-01;;;;;;;Rawat Inap;Pendapatan Pelayanan Rawat Inap Umum; Rp120.000 
2025-02-01;;;;;;;Laboratorium;Pemeriksaan Laboratorium PONED; Rp60.000 
2025-02-01;;;;;;;Klinik KIA;Pemeriksaan KIA/USG; Rp50.000 
2025-02-01;;;;;;;PONED;Tindakan Kebidanan; Rp150.000 
2025-02-01;;;;;;;Farmasi;Penyediaan Obat dan BMHP PONED; Rp70.000 
2025-02-01;akmal;;Luar Wilayah;L;Rawat Jalan;Umum;Klinik Umum;Pengujian Keuring; Rp10.000 
2025-02-01;arsy;;Cikelet;P;Rawat Jalan;Umum;UGD;Pemeriksaan Umum dan Konsultasi Pada UGD; Rp10.000 
2025-02-01;;;;;;;UGD;Tindakan Medik; Rp5.000 
2025-02-01;;;;;;;Farmasi;Penyediaan Obat dan BMHP Rawat Jalan; Rp50.000 
2025-02-01;aleena;;Luar Wilayah;P;Rawat Jalan;Umum;Klinik Umum;Pemeriksaan Umum dan Konsultasi Pada Rawat Jalan; Rp8.000 
2025-02-01;irena;;Cijambe;P;Rawat Jalan;Umum;Klinik Umum;Pemeriksaan Umum dan Konsultasi Pada Rawat Jalan; Rp8.000 
2025-02-01;;;;;;;Laboratorium;Pemeriksaan Laboratorium Rawat Jalan; Rp85.000 
2025-02-01;irma;;Cikelet;P;Rawat Inap;Umum;UGD;Pemeriksaan Umum dan Konsultasi Pada UGD; Rp10.000 
2025-02-01;;;;;;;UGD;Tindakan Medik; Rp25.000 
2025-02-01;;;;;;;Rawat Inap;Pendapatan Pelayanan Rawat Inap Umum; Rp120.000 
2025-02-01;;;;;;;Farmasi;Penyediaan Obat dan BMHP Rawat Inap; Rp90.000 
2025-02-01;inara;;Cikelet;P;Rawat Inap;Umum;UGD;Pemeriksaan Umum dan Konsultasi Pada UGD; Rp10.000 
2025-02-01;;;;;;;UGD;Tindakan Medik; Rp20.000 
2025-02-01;;;;;;;Rawat Inap;Pendapatan Pelayanan Rawat Inap Umum; Rp120.000 
2025-02-01;;;;;;;Farmasi;Penyediaan Obat dan BMHP Rawat Inap; Rp80.000 
2025-02-01;defi;;Cikelet;P;Rawat Jalan;Umum;Klinik Umum;Pemeriksaan Umum dan Konsultasi Pada Rawat Jalan; Rp8.000 
2025-02-01;;;;;;;Klinik KIA;Pemeriksaan KIA/USG; Rp50.000 
2025-02-01;zahrani ;;Linggamanik;P;Rawat Jalan;Umum;Klinik Gigi;Pemeriksaan Gigi & Mulut; Rp8.000 
2025-02-01;m azka;;Luar Wilayah;L;Rawat Jalan;Umum;UGD;Pemeriksaan Umum dan Konsultasi Pada UGD; Rp10.000 
2025-02-01;;;;;;;UGD;Tindakan Medik; Rp55.000 
2025-02-01;fitra;;Luar Wilayah;P;Rawat Jalan;Umum;Klinik Umum;Pemeriksaan Umum dan Konsultasi Pada Rawat Jalan; Rp8.000 
2025-02-01;dede;;Luar Wilayah;L;Rawat Jalan;Umum;UGD;Pemeriksaan Umum dan Konsultasi Pada UGD; Rp10.000 
2025-02-01;;;;;;;UGD;Tindakan Medik; Rp10.000 
2025-02-01;rafa;;Luar Wilayah;L;Rawat Jalan;Umum;UGD;Pemeriksaan Umum dan Konsultasi Pada UGD; Rp10.000 
2025-02-01;;;;;;;UGD;Tindakan Medik; Rp10.000 
2025-02-01;restu;;Luar Wilayah;P;Rawat Jalan;Umum;UGD;Pemeriksaan Umum dan Konsultasi Pada UGD; Rp10.000 
2025-02-01;;;;;;;UGD;Tindakan Medik; Rp30.000 
2025-02-01;yandi;;Cikelet;L;Rawat Jalan;Umum;Klinik Umum;Pemeriksaan Umum dan Konsultasi Pada Rawat Jalan; Rp8.000 
2025-02-03;karto;;Luar Wilayah;L;Rawat Jalan;Umum;Klinik Umum;Pemeriksaan Umum dan Konsultasi Pada Rawat Jalan; Rp8.000 
2025-02-03;ardiansyah;;Cikelet;L;Rawat Jalan;Umum;UGD;Pemeriksaan Umum dan Konsultasi Pada UGD; Rp10.000 
2025-02-03;nurhayati;;Cikelet;P;Rawat Jalan;Umum;UGD;Pemeriksaan Umum dan Konsultasi Pada UGD; Rp10.000 
2025-02-03;rizki;;Cijambe;L;Rawat Jalan;Umum;UGD;Pemeriksaan Umum dan Konsultasi Pada UGD; Rp10.000 
2025-02-03;rayan;;Cijambe;L;Rawat Jalan;Umum;UGD;Pemeriksaan Umum dan Konsultasi Pada UGD; Rp10.000 
2025-02-03;devin;;Cijambe;L;Rawat Jalan;Umum;UGD;Pemeriksaan Umum dan Konsultasi Pada UGD; Rp10.000 
2025-02-03;;;;;;;UGD;Pemakaian Oksigen; Rp15.000 
2025-02-03;m rafi;;Cijambe;L;Rawat Jalan;Umum;UGD;Pemeriksaan Umum dan Konsultasi Pada UGD; Rp10.000 
2025-02-03;ragil;;Cijambe;L;Rawat Jalan;Umum;UGD;Pemeriksaan Umum dan Konsultasi Pada UGD; Rp10.000 
2025-02-03;riski;;Cijambe;L;Rawat Jalan;Umum;UGD;Pemeriksaan Umum dan Konsultasi Pada UGD; Rp10.000 
2025-02-03;sinta;;Pamalayan;P;Rawat Jalan;Umum;UGD;Pemeriksaan Umum dan Konsultasi Pada UGD; Rp10.000 
2025-02-03;;;;;;;UGD;Pemakaian Oksigen; Rp40.000 
2025-02-03;yati;;Luar Wilayah;P;Rawat Jalan;Umum;UGD;Pemeriksaan Umum dan Konsultasi Pada UGD; Rp10.000 
2025-02-03;m riski;;Cijambe;L;Rawat Jalan;Umum;UGD;Pemeriksaan Umum dan Konsultasi Pada UGD; Rp10.000 
2025-02-03;nurjanah;;Luar Wilayah;P;Rawat Jalan;Umum;Klinik Umum;Pemeriksaan Umum dan Konsultasi Pada Rawat Jalan; Rp8.000 
2025-02-03;undang;;Pamalayan;L;Rawat Jalan;Umum;Klinik Umum;Pemeriksaan Umum dan Konsultasi Pada Rawat Jalan; Rp8.000 
2025-02-03;adinda;;Pamalayan;P;Rawat Jalan;Umum;Klinik Umum;Pemeriksaan Umum dan Konsultasi Pada Rawat Jalan; Rp8.000 
2025-02-03;m robby;;Cikelet;L;Rawat Jalan;Umum;UGD;Pemeriksaan Umum dan Konsultasi Pada UGD; Rp10.000 
2025-02-03;;;;;;;UGD;Tindakan Medik; Rp20.000 
2025-02-03;titin;;Pamalayan;P;Rawat Jalan;Umum;Klinik Umum;Pemeriksaan Umum dan Konsultasi Pada Rawat Jalan; Rp8.000 
2025-02-03;;;;;;;Klinik Umum;Pengujian Keuring; Rp10.000 
2025-02-03;siti atilah;;Luar Wilayah;P;Rawat Jalan;BPJS;Klinik Umum;Pengujian Keuring; Rp10.000 
2025-02-03;indri;;Pamalayan;P;Rawat Jalan;Umum;Klinik Umum;Pemeriksaan Umum dan Konsultasi Pada Rawat Jalan; Rp8.000 
2025-02-03;trisna;;Cikelet;L;Rawat Jalan;BPJS;Klinik Umum;Pengujian Keuring; Rp10.000 
2025-02-03;nenden;;Luar Wilayah;P;Rawat Jalan;Umum;Klinik Umum;Pemeriksaan Umum dan Konsultasi Pada Rawat Jalan; Rp8.000 
2025-02-03;;;;;;;Klinik Umum;Pengujian Keuring; Rp10.000 
2025-02-03;qodariyah;;Cikelet;P;Rawat Jalan;Umum;Poli Lansia;Pemeriksaan Umum dan Konsultasi Pada Rawat Jalan; Rp8.000 
2025-02-03;windi;;Awassagara;P;Rawat Jalan;BPJS;Klinik KIA;Pemeriksaan KIA/USG; Rp50.000 
2025-02-03;m irsyad;;Cikelet;L;Rawat Jalan;Umum;Klinik Umum;Pemeriksaan Umum dan Konsultasi Pada Rawat Jalan; Rp8.000 
2025-02-03;gavi;;Cikelet;L;Rawat Jalan;Umum;Klinik Umum;Pemeriksaan Umum dan Konsultasi Pada Rawat Jalan; Rp8.000 
2025-02-03;m robi;;;;;;;Penyediaan Obat dan BMHP Rawat Jalan; Rp25.000 
2025-02-03;hilda;;Ciroyom;P;Rawat Jalan;BPJS;Klinik KIA;Pemeriksaan KIA/USG; Rp50.000 
2025-02-03;rohayati;;Linggamanik;P;Rawat Jalan;Umum;Klinik Umum;Pemeriksaan Umum dan Konsultasi Pada Rawat Jalan; Rp8.000 
2025-02-03;viki;;Luar Wilayah;L;Rawat Jalan;Umum;Klinik Umum;Pemeriksaan Umum dan Konsultasi Pada Rawat Jalan; Rp8.000 
2025-02-03;;;;;;;Klinik Gigi;Pemeriksaan Gigi & Mulut; Rp30.000 
2025-02-03;yuyun;;Cikelet;P;Rawat Jalan;BPJS;Klinik KIA;Pemeriksaan KIA/USG; Rp50.000 
2025-02-03;jamaludin;;Karangsari;L;Rawat Jalan;Umum;Klinik Umum;Pemeriksaan Umum dan Konsultasi Pada Rawat Jalan; Rp8.000 
2025-02-03;;;;;;;Klinik Umum;Pengujian Keuring; Rp10.000 
2025-02-03;ida;;Linggamanik;P;Rawat Jalan;Umum;Klinik Umum;Pemeriksaan Umum dan Konsultasi Pada Rawat Jalan; Rp8.000 
2025-02-03;;;;;;;Laboratorium;Pemeriksaan Laboratorium Rawat Jalan; Rp47.500 
2025-02-03;;;;;;;Klinik KIA;Pemeriksaan KIA/USG; Rp50.000 
2025-02-03;yudi;;Cikelet;L;Rawat Jalan;Umum;Klinik Gigi;Pemeriksaan Gigi & Mulut; Rp8.000 
2025-02-03;almira;;Cikelet;P;Rawat Inap;Umum;UGD;Pemeriksaan Umum dan Konsultasi Pada UGD; Rp10.000 
2025-02-03;;;;;;;UGD;Tindakan Medik; Rp55.000 
2025-02-03;;;;;;;Rawat Inap;Pendapatan Pelayanan Rawat Inap Umum; Rp120.000 
2025-02-03;;;;;;;Farmasi;Penyediaan Obat dan BMHP Rawat Inap; Rp65.000 
2025-02-03;mamah;;Cijambe;P;Rawat Jalan;Umum;Klinik Umum;Pemeriksaan Umum dan Konsultasi Pada Rawat Jalan; Rp8.000 
2025-02-03;yulianah;;Cikelet;P;Rawat Inap;BPJS;UGD;Pemeriksaan Umum dan Konsultasi Pada UGD; Rp10.000 
2025-02-03;putri dea;;Luar Wilayah;P;Rawat Jalan;Umum;Klinik Umum;Pemeriksaan Umum dan Konsultasi Pada Rawat Jalan; Rp8.000 
2025-02-03;euis;;Cikelet;P;Rawat Jalan;Umum;Klinik Umum;Pemeriksaan Umum dan Konsultasi Pada Rawat Jalan; Rp8.000 
2025-02-03;silvi;;Linggamanik;P;Rawat Jalan;Umum;Klinik Gigi;Pemeriksaan Umum dan Konsultasi Pada Rawat Jalan; Rp8.000 
2025-02-03;almira;;Cikelet;P;Rawat Jalan;Umum;Klinik Umum;Pemeriksaan Umum dan Konsultasi Pada Rawat Jalan; Rp8.000 
2025-02-03;mentari;;Luar Wilayah;P;Rawat Jalan;Umum;Klinik Umum;Pemeriksaan Umum dan Konsultasi Pada Rawat Jalan; Rp8.000 
2025-02-03;;;;;;;Klinik Gigi;Pemeriksaan Gigi & Mulut; Rp10.000 
2025-02-03;sunandar;;Luar Wilayah;L;Rawat Jalan;Umum;Klinik Umum;Pemeriksaan Umum dan Konsultasi Pada Rawat Jalan; Rp8.000 
2025-02-03;diki;;Awassagara;L;Rawat Jalan;Umum;Klinik Umum;Pemeriksaan Umum dan Konsultasi Pada Rawat Jalan; Rp8.000 
2025-02-03;;;;;;;Klinik Umum;Pengujian Keuring; Rp10.000 
;;;;;;;;;
;;;;;;;;;
;;;;;;;;;
;;;;;;;;;
;;;;;;;;;
;;;;;;;;;
;;;;;;;;;
;;;;;;;;;
;;;;;;;;;
;;;;;;;;;
;;;;;;;;;
;;;;;;;;;
;;;;;;;;;
;;;;;;;;;
;;;;;;;;;
;;;;;;;;;
;;;;;;;;;
;;;;;;;;;
;;;;;;;;;
;;;;;;;;;
;;;;;;;;;
;;;;;;;;;
;;;;;;;;;
;;;;;;;;;
;;;;;;;;;
;;;;;;;;;
;;;;;;;;;
;;;;;;;;;
;;;;;;;;;
;;;;;;;;;
;;;;;;;;;
;;;;;;;;;
;;;;;;;;;
;;;;;;;;;
;;;;;;;;;
;;;;;;;;;
;;;;;;;;;
;;;;;;;;;
;;;;;;;;;
;;;;;;;;;
;;;;;;;;;
;;;;;;;;;
;;;;;;;;;
;;;;;;;;;
;;;;;;;;;
;;;;;;;;;
;;;;;;;;;
;;;;;;;;;
;;;;;;;;;
;;;;;;;;;
;;;;;;;;;
;;;;;;;;;
;;;;;;;;;
;;;;;;;;;
;;;;;;;;;
;;;;;;;;;
;;;;;;;;;
;;;;;;;;;
;;;;;;;;;
;;;;;;;;;
;;;;;;;;;
;;;;;;;;;
;;;;;;;;;
;;;;;;;;;
;;;;;;;;;
;;;;;;;;;
;;;;;;;;;
;;;;;;;;;
;;;;;;;;;
;;;;;;;;;
;;;;;;;;;
;;;;;;;;;
;;;;;;;;;
;;;;;;;;;
;;;;;;;;;
;;;;;;;;;
;;;;;;;;;
;;;;;;;;;
;;;;;;;;;
;;;;;;;;;
;;;;;;;;;
;;;;;;;;;
;;;;;;;;;
;;;;;;;;;
;;;;;;;;;
;;;;;;;;;
;;;;;;;;;
;;;;;;;;;
;;;;;;;;;
;;;;;;;;;
;;;;;;;;;
;;;;;;;;;
;;;;;;;;;
;;;;;;;;;
;;;;;;;;;
;;;;;;;;;
;;;;;;;;;
;;;;;;;;;
;;;;;;;;;
;;;;;;;;;
;;;;;;;;;
;;;;;;;;;
;;;;;;;;;
;;;;;;;;;
;;;;;;;;;
;;;;;;;;;
;;;;;;;;;
;;;;;;;;;
;;;;;;;;;
;;;;;;;;;
;;;;;;;;;
;;;;;;;;;
;;;;;;;;;
;;;;;;;;;
;;;;;;;;;
;;;;;;;;;
;;;;;;;;;
;;;;;;;;;
;;;;;;;;;
;;;;;;;;;
;;;;;;;;;
;;;;;;;;;
;;;;;;;;;
;;;;;;;;;
;;;;;;;;;
;;;;;;;;;
;;;;;;;;;
;;;;;;;;;
;;;;;;;;;
;;;;;;;;;
;;;;;;;;;
;;;;;;;;;
;;;;;;;;;
;;;;;;;;;
;;;;;;;;;
;;;;;;;;;
;;;;;;;;;
;;;;;;;;;
;;;;;;;;;
;;;;;;;;;
;;;;;;;;;
;;;;;;;;;
;;;;;;;;;
;;;;;;;;;
;;;;;;;;;
;;;;;;;;;
;;;;;;;;;
;;;;;;;;;
;;;;;;;;;
;;;;;;;;;
;;;;;;;;;
;;;;;;;;;
;;;;;;;;;
;;;;;;;;;
;;;;;;;;;
;;;;;;;;;
;;;;;;;;;
;;;;;;;;;
;;;;;;;;;
;;;;;;;;;
;;;;;;;;;
;;;;;;;;;
;;;;;;;;;
;;;;;;;;;
;;;;;;;;;
;;;;;;;;;
;;;;;;;;;
;;;;;;;;;
;;;;;;;;;
;;;;;;;;;
;;;;;;;;;
;;;;;;;;;
;;;;;;;;;
;;;;;;;;;
;;;;;;;;;
;;;;;;;;;
;;;;;;;;;
;;;;;;;;;
;;;;;;;;;
;;;;;;;;;
;;;;;;;;;
;;;;;;;;;
;;;;;;;;;
;;;;;;;;;
;;;;;;;;;
;;;;;;;;;
;;;;;;;;;
;;;;;;;;;
;;;;;;;;;
;;;;;;;;;
;;;;;;;;;
;;;;;;;;;
;;;;;;;;;
;;;;;;;;;
;;;;;;;;;
;;;;;;;;;
;;;;;;;;;
;;;;;;;;;
;;;;;;;;;
;;;;;;;;;
;;;;;;;;;
;;;;;;;;;
;;;;;;;;;
;;;;;;;;;
;;;;;;;;;
;;;;;;;;;
;;;;;;;;;
;;;;;;;;;
;;;;;;;;;
;;;;;;;;;
;;;;;;;;;
;;;;;;;;;
;;;;;;;;;
;;;;;;;;;
;;;;;;;;;
;;;;;;;;;
;;;;;;;;;
;;;;;;;;;
;;;;;;;;;
;;;;;;;;;
;;;;;;;;;
;;;;;;;;;
;;;;;;;;;
;;;;;;;;;
;;;;;;;;;
;;;;;;;;;
;;;;;;;;;
;;;;;;;;;
;;;;;;;;;
;;;;;;;;;
;;;;;;;;;
;;;;;;;;;
;;;;;;;;;
;;;;;;;;;
;;;;;;;;;
;;;;;;;;;
;;;;;;;;;
;;;;;;;;;
;;;;;;;;;
;;;;;;;;;
;;;;;;;;;
;;;;;;;;;
;;;;;;;;;
;;;;;;;;;
;;;;;;;;;
;;;;;;;;;
;;;;;;;;;
;;;;;;;;;
;;;;;;;;;
;;;;;;;;;
;;;;;;;;;
;;;;;;;;;
;;;;;;;;;
;;;;;;;;;
;;;;;;;;;
;;;;;;;;;
;;;;;;;;;
;;;;;;;;;
;;;;;;;;;
;;;;;;;;;
;;;;;;;;;
;;;;;;;;;
;;;;;;;;;
;;;;;;;;;
;;;;;;;;;
;;;;;;;;;
;;;;;;;;;
;;;;;;;;;
;;;;;;;;;
;;;;;;;;;
;;;;;;;;;
;;;;;;;;;
;;;;;;;;;
;;;;;;;;;
;;;;;;;;;
;;;;;;;;;
;;;;;;;;;
;;;;;;;;;
;;;;;;;;;
;;;;;;;;;
;;;;;;;;;
;;;;;;;;;
;;;;;;;;;
;;;;;;;;;
;;;;;;;;;
;;;;;;;;;
;;;;;;;;;
;;;;;;;;;
;;;;;;;;;
;;;;;;;;;
;;;;;;;;;
;;;;;;;;;
;;;;;;;;;
;;;;;;;;;
;;;;;;;;;
;;;;;;;;;
;;;;;;;;;
;;;;;;;;;
;;;;;;;;;
;;;;;;;;;
;;;;;;;;;
;;;;;;;;;
;;;;;;;;;
;;;;;;;;;
;;;;;;;;;
;;;;;;;;;
;;;;;;;;;
;;;;;;;;;
;;;;;;;;;
;;;;;;;;;
;;;;;;;;;
;;;;;;;;;
;;;;;;;;;
;;;;;;;;;
;;;;;;;;;
;;;;;;;;;
;;;;;;;;;
;;;;;;;;;
;;;;;;;;;
;;;;;;;;;
;;;;;;;;;
;;;;;;;;;
;;;;;;;;;
;;;;;;;;;
;;;;;;;;;
;;;;;;;;;
;;;;;;;;;
;;;;;;;;;
;;;;;;;;;
;;;;;;;;;
;;;;;;;;;
;;;;;;;;;
;;;;;;;;;
;;;;;;;;;
;;;;;;;;;
;;;;;;;;;
;;;;;;;;;
;;;;;;;;;
;;;;;;;;;
;;;;;;;;;
;;;;;;;;;
;;;;;;;;;
;;;;;;;;;
;;;;;;;;;
;;;;;;;;;
;;;;;;;;;
;;;;;;;;;
;;;;;;;;;
;;;;;;;;;
;;;;;;;;;
;;;;;;;;;
;;;;;;;;;
;;;;;;;;;
;;;;;;;;;
;;;;;;;;;
;;;;;;;;;
;;;;;;;;;
;;;;;;;;;
;;;;;;;;;
;;;;;;;;;
;;;;;;;;;
;;;;;;;;;
;;;;;;;;;
;;;;;;;;;
;;;;;;;;;
;;;;;;;;;
;;;;;;;;;
;;;;;;;;;
;;;;;;;;;
;;;;;;;;;
;;;;;;;;;
;;;;;;;;;
;;;;;;;;;
;;;;;;;;;
;;;;;;;;;
;;;;;;;;;
;;;;;;;;;
;;;;;;;;;
;;;;;;;;;
;;;;;;;;;
;;;;;;;;;
;;;;;;;;;
;;;;;;;;;
;;;;;;;;;
;;;;;;;;;
;;;;;;;;;
;;;;;;;;;
;;;;;;;;;
;;;;;;;;;
;;;;;;;;;
;;;;;;;;;
;;;;;;;;;
;;;;;;;;;
;;;;;;;;;
;;;;;;;;;
;;;;;;;;;
;;;;;;;;;
;;;;;;;;;
;;;;;;;;;
;;;;;;;;;
;;;;;;;;;
;;;;;;;;;
;;;;;;;;;
;;;;;;;;;
;;;;;;;;;
;;;;;;;;;
;;;;;;;;;
;;;;;;;;;
;;;;;;;;;
;;;;;;;;;
;;;;;;;;;
;;;;;;;;;
;;;;;;;;;
;;;;;;;;;
;;;;;;;;;
;;;;;;;;;
;;;;;;;;;
;;;;;;;;;
;;;;;;;;;
;;;;;;;;;
;;;;;;;;;
;;;;;;;;;
;;;;;;;;;
;;;;;;;;;
;;;;;;;;;
;;;;;;;;;
;;;;;;;;;
;;;;;;;;;
;;;;;;;;;
;;;;;;;;;
;;;;;;;;;
;;;;;;;;;
;;;;;;;;;
;;;;;;;;;
;;;;;;;;;
;;;;;;;;;
;;;;;;;;;
;;;;;;;;;
;;;;;;;;;
;;;;;;;;;
;;;;;;;;;
;;;;;;;;;
;;;;;;;;;
;;;;;;;;;
;;;;;;;;;
;;;;;;;;;
;;;;;;;;;
;;;;;;;;;
;;;;;;;;;
;;;;;;;;;
;;;;;;;;;
;;;;;;;;;
;;;;;;;;;
;;;;;;;;;
;;;;;;;;;
;;;;;;;;;
;;;;;;;;;
;;;;;;;;;
;;;;;;;;;
;;;;;;;;;
;;;;;;;;;
;;;;;;;;;
;;;;;;;;;
;;;;;;;;;
;;;;;;;;;
;;;;;;;;;
;;;;;;;;;
;;;;;;;;;
;;;;;;;;;
;;;;;;;;;
;;;;;;;;;
;;;;;;;;;
;;;;;;;;;
;;;;;;;;;
;;;;;;;;;
;;;;;;;;;
;;;;;;;;;
;;;;;;;;;
;;;;;;;;;
;;;;;;;;;
;;;;;;;;;
;;;;;;;;;
;;;;;;;;;
;;;;;;;;;
;;;;;;;;;
;;;;;;;;;
;;;;;;;;;
;;;;;;;;;
;;;;;;;;;
;;;;;;;;;
;;;;;;;;;
;;;;;;;;;
;;;;;;;;;
;;;;;;;;;
;;;;;;;;;
;;;;;;;;;
;;;;;;;;;
;;;;;;;;;
;;;;;;;;;
;;;;;;;;;
;;;;;;;;;
;;;;;;;;;
;;;;;;;;;
;;;;;;;;;
;;;;;;;;;
;;;;;;;;;
;;;;;;;;;
;;;;;;;;;
;;;;;;;;;
;;;;;;;;;
;;;;;;;;;
;;;;;;;;;
;;;;;;;;;
;;;;;;;;;
;;;;;;;;;
;;;;;;;;;
;;;;;;;;;
;;;;;;;;;
;;;;;;;;;
;;;;;;;;;
;;;;;;;;;
;;;;;;;;;
;;;;;;;;;
;;;;;;;;;
;;;;;;;;;
;;;;;;;;;
;;;;;;;;;
;;;;;;;;;
;;;;;;;;;
;;;;;;;;;
;;;;;;;;;
;;;;;;;;;
;;;;;;;;;
;;;;;;;;;
;;;;;;;;;
;;;;;;;;;
;;;;;;;;;
;;;;;;;;;
;;;;;;;;;
;;;;;;;;;
;;;;;;;;;
;;;;;;;;;
;;;;;;;;;
;;;;;;;;;
;;;;;;;;;
;;;;;;;;;
;;;;;;;;;
;;;;;;;;;
;;;;;;;;;
;;;;;;;;;
;;;;;;;;;
;;;;;;;;;
;;;;;;;;;
;;;;;;;;;
;;;;;;;;;
;;;;;;;;;
;;;;;;;;;
;;;;;;;;;
;;;;;;;;;
;;;;;;;;;
;;;;;;;;;
;;;;;;;;;
;;;;;;;;;
;;;;;;;;;
;;;;;;;;;
;;;;;;;;;
;;;;;;;;;
;;;;;;;;;
;;;;;;;;;
;;;;;;;;;
;;;;;;;;;
;;;;;;;;;
;;;;;;;;;
;;;;;;;;;
;;;;;;;;;
;;;;;;;;;
;;;;;;;;;
;;;;;;;;;
;;;;;;;;;
;;;;;;;;;
;;;;;;;;;
;;;;;;;;;
;;;;;;;;;
;;;;;;;;;
;;;;;;;;;
;;;;;;;;;
;;;;;;;;;
;;;;;;;;;
;;;;;;;;;
;;;;;;;;;
;;;;;;;;;
;;;;;;;;;
;;;;;;;;;
;;;;;;;;;
;;;;;;;;;
;;;;;;;;;
;;;;;;;;;
;;;;;;;;;
;;;;;;;;;
;;;;;;;;;
;;;;;;;;;
;;;;;;;;;
;;;;;;;;;
;;;;;;;;;
;;;;;;;;;
;;;;;;;;;
;;;;;;;;;
;;;;;;;;;
;;;;;;;;;
;;;;;;;;;
;;;;;;;;;
;;;;;;;;;
;;;;;;;;;
;;;;;;;;;
;;;;;;;;;
;;;;;;;;;
;;;;;;;;;
;;;;;;;;;
;;;;;;;;;
;;;;;;;;;
;;;;;;;;;
;;;;;;;;;
;;;;;;;;;
;;;;;;;;;
;;;;;;;;;
;;;;;;;;;
;;;;;;;;;
;;;;;;;;;
;;;;;;;;;
;;;;;;;;;
;;;;;;;;;
;;;;;;;;;
;;;;;;;;;
;;;;;;;;;
;;;;;;;;;
;;;;;;;;;
;;;;;;;;;
;;;;;;;;;
;;;;;;;;;
;;;;;;;;;
;;;;;;;;;
;;;;;;;;;
;;;;;;;;;
;;;;;;;;;
;;;;;;;;;
;;;;;;;;;
;;;;;;;;;
;;;;;;;;;
;;;;;;;;;
;;;;;;;;;
;;;;;;;;;
;;;;;;;;;
;;;;;;;;;
;;;;;;;;;
;;;;;;;;;
;;;;;;;;;
;;;;;;;;;
;;;;;;;;;
;;;;;;;;;
;;;;;;;;;
;;;;;;;;;
;;;;;;;;;
;;;;;;;;;
;;;;;;;;;
;;;;;;;;;
;;;;;;;;;
;;;;;;;;;
;;;;;;;;;
;;;;;;;;;
;;;;;;;;;
;;;;;;;;;
;;;;;;;;;
;;;;;;;;;
;;;;;;;;;
;;;;;;;;;
;;;;;;;;;
;;;;;;;;;
;;;;;;;;;
;;;;;;;;;
;;;;;;;;;
